date,permits,starts,completions,permits_flow,starts_flow,completions_flow,B_t,Q_t,B_t_saar,Q_t_saar,R_t,K_t,H_t,H_t_label,permit_source,starts_source,completion_source,seasonal_adjustment,annualization_factor
1968-01-01,1179,1380,1257,98.25,115.0,104.75,-6.5,10.25,-78,123,1.0661577608142494,1.1704834605597965,-6.5,cumulative flow proxy,FRED_PERMIT,FRED_HOUST,FRED_COMPUTSA,SAAR,12.0
1968-02-01,1342,1520,1174,111.83333333333333,126.66666666666667,97.83333333333333,14.0,28.833333333333343,168,346,0.8748137108792846,1.1326378539493294,7.5,cumulative flow proxy,FRED_PERMIT,FRED_HOUST,FRED_COMPUTSA,SAAR,12.0
1968-03-01,1370,1466,1323,114.16666666666667,122.16666666666667,110.25,3.9166666666666714,11.916666666666671,47,143,0.9656934306569344,1.07007299270073,11.416666666666671,cumulative flow proxy,FRED_PERMIT,FRED_HOUST,FRED_COMPUTSA,SAAR,12.0
1968-04-01,1286,1554,1328,107.16666666666667,129.5,110.66666666666667,-3.5,18.83333333333333,-42,226,1.0326594090202177,1.208398133748056,7.916666666666671,cumulative flow proxy,FRED_PERMIT,FRED_HOUST,FRED_COMPUTSA,SAAR,12.0
1968-05-01,1297,1408,1367,108.08333333333333,117.33333333333333,113.91666666666667,-5.833333333333343,3.416666666666657,-70,41,1.053970701619121,1.0855821125674634,2.0833333333333286,cumulative flow proxy,FRED_PERMIT,FRED_HOUST,FRED_COMPUTSA,SAAR,12.0
1968-06-01,1300,1405,1184,108.33333333333333,117.08333333333333,98.66666666666667,9.666666666666657,18.416666666666657,116,221,0.9107692307692308,1.0807692307692307,11.749999999999986,cumulative flow proxy,FRED_PERMIT,FRED_HOUST,FRED_COMPUTSA,SAAR,12.0
1968-07-01,1344,1512,1370,112.0,126.0,114.16666666666667,-2.1666666666666714,11.833333333333329,-26,142,1.0193452380952381,1.125,9.583333333333314,cumulative flow proxy,FRED_PERMIT,FRED_HOUST,FRED_COMPUTSA,SAAR,12.0
1968-08-01,1357,1495,1279,113.08333333333333,124.58333333333333,106.58333333333333,6.5,18.0,78,216,0.9425202652910832,1.1016949152542372,16.083333333333314,cumulative flow proxy,FRED_PERMIT,FRED_HOUST,FRED_COMPUTSA,SAAR,12.0
1968-09-01,1464,1556,1397,122.0,129.66666666666666,116.41666666666667,5.583333333333329,13.249999999999986,67,159,0.9542349726775956,1.0628415300546448,21.666666666666643,cumulative flow proxy,FRED_PERMIT,FRED_HOUST,FRED_COMPUTSA,SAAR,12.0
1968-10-01,1421,1569,1348,118.41666666666667,130.75,112.33333333333333,6.083333333333343,18.41666666666667,73,221,0.9486277269528501,1.1041520056298382,27.749999999999986,cumulative flow proxy,FRED_PERMIT,FRED_HOUST,FRED_COMPUTSA,SAAR,12.0
1968-11-01,1436,1630,1367,119.66666666666667,135.83333333333334,113.91666666666667,5.75,21.91666666666667,69,263,0.9519498607242339,1.1350974930362117,33.499999999999986,cumulative flow proxy,FRED_PERMIT,FRED_HOUST,FRED_COMPUTSA,SAAR,12.0
1968-12-01,1389,1548,1390,115.75,129.0,115.83333333333333,-0.0833333333333286,13.166666666666671,-1,158,1.0007199424046076,1.1144708423326133,33.41666666666666,cumulative flow proxy,FRED_PERMIT,FRED_HOUST,FRED_COMPUTSA,SAAR,12.0
1969-01-01,1459,1769,1257,121.58333333333333,147.41666666666666,104.75,16.83333333333333,42.66666666666666,202,512,0.8615490061686086,1.2124742974640164,50.249999999999986,cumulative flow proxy,FRED_PERMIT,FRED_HOUST,FRED_COMPUTSA,SAAR,12.0
1969-02-01,1495,1705,1414,124.58333333333333,142.08333333333334,117.83333333333333,6.75,24.250000000000014,81,291,0.945819397993311,1.140468227424749,56.999999999999986,cumulative flow proxy,FRED_PERMIT,FRED_HOUST,FRED_COMPUTSA,SAAR,12.0
1969-03-01,1438,1561,1558,119.83333333333333,130.08333333333334,129.83333333333334,-10.000000000000014,0.25,-120,3,1.0834492350486786,1.0855354659248957,46.99999999999997,cumulative flow proxy,FRED_PERMIT,FRED_HOUST,FRED_COMPUTSA,SAAR,12.0
1969-04-01,1441,1524,1318,120.08333333333333,127.0,109.83333333333333,10.25,17.16666666666667,123,206,0.9146426092990978,1.0575988896599584,57.24999999999997,cumulative flow proxy,FRED_PERMIT,FRED_HOUST,FRED_COMPUTSA,SAAR,12.0
1969-05-01,1328,1583,1430,110.66666666666667,131.91666666666666,119.16666666666667,-8.5,12.749999999999986,-102,153,1.0768072289156627,1.1920180722891567,48.74999999999997,cumulative flow proxy,FRED_PERMIT,FRED_HOUST,FRED_COMPUTSA,SAAR,12.0
1969-06-01,1349,1528,1455,112.41666666666667,127.33333333333333,121.25,-8.833333333333329,6.083333333333329,-106,73,1.0785767234988881,1.1326908821349146,39.91666666666664,cumulative flow proxy,FRED_PERMIT,FRED_HOUST,FRED_COMPUTSA,SAAR,12.0
1969-07-01,1278,1368,1432,106.5,114.0,119.33333333333333,-12.833333333333329,-5.333333333333329,-154,-64,1.1205007824726134,1.0704225352112675,27.083333333333314,cumulative flow proxy,FRED_PERMIT,FRED_HOUST,FRED_COMPUTSA,SAAR,12.0
1969-08-01,1317,1358,1393,109.75,113.16666666666667,116.08333333333333,-6.333333333333329,-2.916666666666657,-76,-35,1.0577069096431284,1.0311313591495823,20.749999999999986,cumulative flow proxy,FRED_PERMIT,FRED_HOUST,FRED_COMPUTSA,SAAR,12.0
1969-09-01,1263,1507,1367,105.25,125.58333333333333,113.91666666666667,-8.666666666666671,11.666666666666657,-104,140,1.082343626286619,1.1931908155186064,12.083333333333314,cumulative flow proxy,FRED_PERMIT,FRED_HOUST,FRED_COMPUTSA,SAAR,12.0
1969-10-01,1216,1381,1406,101.33333333333333,115.08333333333333,117.16666666666667,-15.833333333333343,-2.083333333333343,-190,-25,1.15625,1.1356907894736843,-3.7500000000000284,cumulative flow proxy,FRED_PERMIT,FRED_HOUST,FRED_COMPUTSA,SAAR,12.0
1969-11-01,1191,1229,1404,99.25,102.41666666666667,117.0,-17.75,-14.583333333333329,-213,-175,1.1788413098236776,1.031905961376994,-21.50000000000003,cumulative flow proxy,FRED_PERMIT,FRED_HOUST,FRED_COMPUTSA,SAAR,12.0
1969-12-01,1155,1327,1402,96.25,110.58333333333333,116.83333333333333,-20.58333333333333,-6.25,-247,-75,1.213852813852814,1.148917748917749,-42.08333333333336,cumulative flow proxy,FRED_PERMIT,FRED_HOUST,FRED_COMPUTSA,SAAR,12.0
1970-01-01,1062,1085,1434,88.5,90.41666666666667,119.5,-31.0,-29.08333333333333,-372,-349,1.3502824858757063,1.0216572504708097,-73.08333333333336,cumulative flow proxy,FRED_PERMIT,FRED_HOUST,FRED_COMPUTSA,SAAR,12.0
1970-02-01,1118,1305,1430,93.16666666666667,108.75,119.16666666666667,-26.0,-10.416666666666671,-312,-125,1.2790697674418605,1.167262969588551,-99.08333333333336,cumulative flow proxy,FRED_PERMIT,FRED_HOUST,FRED_COMPUTSA,SAAR,12.0
1970-03-01,1132,1319,1317,94.33333333333333,109.91666666666667,109.75,-15.416666666666671,0.1666666666666714,-185,2,1.1634275618374559,1.1651943462897527,-114.50000000000003,cumulative flow proxy,FRED_PERMIT,FRED_HOUST,FRED_COMPUTSA,SAAR,12.0
1970-04-01,1224,1264,1354,102.0,105.33333333333333,112.83333333333333,-10.833333333333329,-7.5,-130,-90,1.1062091503267975,1.0326797385620916,-125.33333333333336,cumulative flow proxy,FRED_PERMIT,FRED_HOUST,FRED_COMPUTSA,SAAR,12.0
1970-05-01,1328,1290,1334,110.66666666666667,107.5,111.16666666666667,-0.5,-3.6666666666666714,-6,-44,1.0045180722891567,0.9713855421686747,-125.83333333333336,cumulative flow proxy,FRED_PERMIT,FRED_HOUST,FRED_COMPUTSA,SAAR,12.0
1970-06-01,1322,1385,1431,110.16666666666667,115.41666666666667,119.25,-9.083333333333329,-3.8333333333333286,-109,-46,1.0824508320726172,1.0476550680786687,-134.91666666666669,cumulative flow proxy,FRED_PERMIT,FRED_HOUST,FRED_COMPUTSA,SAAR,12.0
1970-07-01,1324,1517,1384,110.33333333333333,126.41666666666667,115.33333333333333,-5.0,11.083333333333343,-60,133,1.0453172205438066,1.1457703927492446,-139.91666666666669,cumulative flow proxy,FRED_PERMIT,FRED_HOUST,FRED_COMPUTSA,SAAR,12.0
1970-08-01,1394,1399,1609,116.16666666666667,116.58333333333333,134.08333333333334,-17.91666666666667,-17.500000000000014,-215,-210,1.154232424677188,1.0035868005738882,-157.83333333333337,cumulative flow proxy,FRED_PERMIT,FRED_HOUST,FRED_COMPUTSA,SAAR,12.0
1970-09-01,1426,1534,1383,118.83333333333333,127.83333333333333,115.25,3.5833333333333286,12.583333333333329,43,151,0.9698457223001402,1.0757363253856942,-154.25000000000006,cumulative flow proxy,FRED_PERMIT,FRED_HOUST,FRED_COMPUTSA,SAAR,12.0
1970-10-01,1564,1580,1437,130.33333333333334,131.66666666666666,119.75,10.583333333333343,11.916666666666657,127,143,0.9187979539641944,1.010230179028133,-143.6666666666667,cumulative flow proxy,FRED_PERMIT,FRED_HOUST,FRED_COMPUTSA,SAAR,12.0
1970-11-01,1502,1647,1457,125.16666666666667,137.25,121.41666666666667,3.75,15.833333333333329,45,190,0.9700399467376831,1.096537949400799,-139.9166666666667,cumulative flow proxy,FRED_PERMIT,FRED_HOUST,FRED_COMPUTSA,SAAR,12.0
1970-12-01,1767,1893,1437,147.25,157.75,119.75,27.5,38.0,330,456,0.8132427843803056,1.0713073005093379,-112.41666666666671,cumulative flow proxy,FRED_PERMIT,FRED_HOUST,FRED_COMPUTSA,SAAR,12.0
1971-01-01,1643,1828,1471,136.91666666666666,152.33333333333334,122.58333333333333,14.333333333333329,29.750000000000014,172,357,0.8953134510042605,1.112598904443092,-98.08333333333339,cumulative flow proxy,FRED_PERMIT,FRED_HOUST,FRED_COMPUTSA,SAAR,12.0
1971-02-01,1588,1741,1448,132.33333333333334,145.08333333333334,120.66666666666667,11.666666666666671,24.41666666666667,140,293,0.9118387909319899,1.0963476070528968,-86.41666666666671,cumulative flow proxy,FRED_PERMIT,FRED_HOUST,FRED_COMPUTSA,SAAR,12.0
1971-03-01,1759,1910,1489,146.58333333333334,159.16666666666666,124.08333333333333,22.500000000000014,35.08333333333333,270,421,0.8465036952814099,1.0858442296759523,-63.9166666666667,cumulative flow proxy,FRED_PERMIT,FRED_HOUST,FRED_COMPUTSA,SAAR,12.0
1971-04-01,1745,1986,1709,145.41666666666666,165.5,142.41666666666666,3.0,23.083333333333343,36,277,0.9793696275071633,1.13810888252149,-60.9166666666667,cumulative flow proxy,FRED_PERMIT,FRED_HOUST,FRED_COMPUTSA,SAAR,12.0
1971-05-01,1972,2049,1637,164.33333333333334,170.75,136.41666666666666,27.916666666666686,34.33333333333334,335,412,0.8301217038539553,1.0390466531440161,-33.000000000000014,cumulative flow proxy,FRED_PERMIT,FRED_HOUST,FRED_COMPUTSA,SAAR,12.0
1971-06-01,1903,2026,1637,158.58333333333334,168.83333333333334,136.41666666666666,22.166666666666686,32.416666666666686,266,389,0.86022070415134,1.0646347871781399,-10.833333333333329,cumulative flow proxy,FRED_PERMIT,FRED_HOUST,FRED_COMPUTSA,SAAR,12.0
1971-07-01,2069,2083,1699,172.41666666666666,173.58333333333334,141.58333333333334,30.833333333333314,32.0,370,384,0.8211696471725471,1.0067665538907684,19.999999999999986,cumulative flow proxy,FRED_PERMIT,FRED_HOUST,FRED_COMPUTSA,SAAR,12.0
1971-08-01,2004,2158,1896,167.0,179.83333333333334,158.0,9.0,21.833333333333343,108,262,0.9461077844311377,1.0768463073852295,28.999999999999986,cumulative flow proxy,FRED_PERMIT,FRED_HOUST,FRED_COMPUTSA,SAAR,12.0
1971-09-01,1996,2041,1804,166.33333333333334,170.08333333333334,150.33333333333334,16.0,19.75,192,237,0.9038076152304609,1.0225450901803608,44.999999999999986,cumulative flow proxy,FRED_PERMIT,FRED_HOUST,FRED_COMPUTSA,SAAR,12.0
1971-10-01,2026,2128,1815,168.83333333333334,177.33333333333334,151.25,17.583333333333343,26.083333333333343,211,313,0.8958538993089832,1.0503455083909181,62.58333333333333,cumulative flow proxy,FRED_PERMIT,FRED_HOUST,FRED_COMPUTSA,SAAR,12.0
1971-11-01,2079,2182,1844,173.25,181.83333333333334,153.66666666666666,19.583333333333343,28.166666666666686,235,338,0.886964886964887,1.0495430495430496,82.16666666666667,cumulative flow proxy,FRED_PERMIT,FRED_HOUST,FRED_COMPUTSA,SAAR,12.0
1971-12-01,2133,2295,1895,177.75,191.25,157.91666666666666,19.833333333333343,33.33333333333334,238,400,0.8884200656352556,1.0759493670886076,102.00000000000001,cumulative flow proxy,FRED_PERMIT,FRED_HOUST,FRED_COMPUTSA,SAAR,12.0
1972-01-01,2238,2494,1942,186.5,207.83333333333334,161.83333333333334,24.666666666666657,46.0,296,552,0.8677390527256479,1.1143878462913315,126.66666666666667,cumulative flow proxy,FRED_PERMIT,FRED_HOUST,FRED_COMPUTSA,SAAR,12.0
1972-02-01,2169,2390,2061,180.75,199.16666666666666,171.75,9.0,27.416666666666657,108,329,0.950207468879668,1.1018902720147534,135.66666666666669,cumulative flow proxy,FRED_PERMIT,FRED_HOUST,FRED_COMPUTSA,SAAR,12.0
1972-03-01,2105,2334,1981,175.41666666666666,194.5,165.08333333333334,10.333333333333314,29.416666666666657,124,353,0.9410926365795724,1.1087885985748218,146.0,cumulative flow proxy,FRED_PERMIT,FRED_HOUST,FRED_COMPUTSA,SAAR,12.0
1972-04-01,2139,2249,1970,178.25,187.41666666666666,164.16666666666666,14.083333333333343,23.25,169,279,0.9209911173445535,1.051425899953249,160.08333333333334,cumulative flow proxy,FRED_PERMIT,FRED_HOUST,FRED_COMPUTSA,SAAR,12.0
1972-05-01,2067,2221,1896,172.25,185.08333333333334,158.0,14.25,27.083333333333343,171,325,0.9172714078374455,1.0745041122399612,174.33333333333334,cumulative flow proxy,FRED_PERMIT,FRED_HOUST,FRED_COMPUTSA,SAAR,12.0
1972-06-01,2183,2254,1936,181.91666666666666,187.83333333333334,161.33333333333334,20.583333333333314,26.5,247,318,0.8868529546495648,1.032524049473202,194.91666666666666,cumulative flow proxy,FRED_PERMIT,FRED_HOUST,FRED_COMPUTSA,SAAR,12.0
1972-07-01,2195,2252,1930,182.91666666666666,187.66666666666666,160.83333333333334,22.083333333333314,26.833333333333314,265,322,0.8792710706150342,1.0259681093394077,216.99999999999997,cumulative flow proxy,FRED_PERMIT,FRED_HOUST,FRED_COMPUTSA,SAAR,12.0
1972-08-01,2263,2382,2102,188.58333333333334,198.5,175.16666666666666,13.416666666666686,23.333333333333343,161,280,0.9288555015466196,1.0525850640742378,230.41666666666666,cumulative flow proxy,FRED_PERMIT,FRED_HOUST,FRED_COMPUTSA,SAAR,12.0
1972-09-01,2393,2481,2053,199.41666666666666,206.75,171.08333333333334,28.333333333333314,35.66666666666666,340,428,0.8579189302131216,1.036773923944839,258.75,cumulative flow proxy,FRED_PERMIT,FRED_HOUST,FRED_COMPUTSA,SAAR,12.0
1972-10-01,2354,2485,1995,196.16666666666666,207.08333333333334,166.25,29.916666666666657,40.83333333333334,359,490,0.8474936278674596,1.0556499575191165,288.66666666666663,cumulative flow proxy,FRED_PERMIT,FRED_HOUST,FRED_COMPUTSA,SAAR,12.0
1972-11-01,2234,2421,1985,186.16666666666666,201.75,165.41666666666666,20.75,36.33333333333334,249,436,0.8885407341092211,1.0837063563115488,309.41666666666663,cumulative flow proxy,FRED_PERMIT,FRED_HOUST,FRED_COMPUTSA,SAAR,12.0
1972-12-01,2419,2366,2121,201.58333333333334,197.16666666666666,176.75,24.833333333333343,20.416666666666657,298,245,0.8768085985944605,0.9780901198842497,334.25,cumulative flow proxy,FRED_PERMIT,FRED_HOUST,FRED_COMPUTSA,SAAR,12.0
1973-01-01,2271,2481,2162,189.25,206.75,180.16666666666666,9.083333333333343,26.583333333333343,109,319,0.9520035226772346,1.0924702774108321,343.33333333333337,cumulative flow proxy,FRED_PERMIT,FRED_HOUST,FRED_COMPUTSA,SAAR,12.0
1973-02-01,2226,2289,2124,185.5,190.75,177.0,8.5,13.75,102,165,0.954177897574124,1.028301886792453,351.83333333333337,cumulative flow proxy,FRED_PERMIT,FRED_HOUST,FRED_COMPUTSA,SAAR,12.0
1973-03-01,2062,2365,2196,171.83333333333334,197.08333333333334,183.0,-11.166666666666657,14.083333333333343,-134,169,1.0649854510184287,1.146944713870029,340.66666666666674,cumulative flow proxy,FRED_PERMIT,FRED_HOUST,FRED_COMPUTSA,SAAR,12.0
1973-04-01,1908,2084,2195,159.0,173.66666666666666,182.91666666666666,-23.916666666666657,-9.25,-287,-111,1.15041928721174,1.0922431865828093,316.7500000000001,cumulative flow proxy,FRED_PERMIT,FRED_HOUST,FRED_COMPUTSA,SAAR,12.0
1973-05-01,1931,2266,2299,160.91666666666666,188.83333333333334,191.58333333333334,-30.666666666666686,-2.75,-368,-33,1.190574831693423,1.1734852408078715,286.0833333333334,cumulative flow proxy,FRED_PERMIT,FRED_HOUST,FRED_COMPUTSA,SAAR,12.0
1973-06-01,2051,2067,2258,170.91666666666666,172.25,188.16666666666666,-17.25,-15.916666666666657,-207,-191,1.1009263773768894,1.007801072647489,268.8333333333334,cumulative flow proxy,FRED_PERMIT,FRED_HOUST,FRED_COMPUTSA,SAAR,12.0
1973-07-01,1819,2123,2066,151.58333333333334,176.91666666666666,172.16666666666666,-20.583333333333314,4.75,-247,57,1.1357888949972512,1.1671247938427707,248.2500000000001,cumulative flow proxy,FRED_PERMIT,FRED_HOUST,FRED_COMPUTSA,SAAR,12.0
1973-08-01,1809,2051,2056,150.75,170.91666666666666,171.33333333333334,-20.583333333333343,-0.4166666666666856,-247,-5,1.136539524599226,1.1337755666113876,227.66666666666677,cumulative flow proxy,FRED_PERMIT,FRED_HOUST,FRED_COMPUTSA,SAAR,12.0
1973-09-01,1704,1874,2061,142.0,156.16666666666666,171.75,-29.75,-15.583333333333343,-357,-187,1.2095070422535212,1.0997652582159625,197.91666666666677,cumulative flow proxy,FRED_PERMIT,FRED_HOUST,FRED_COMPUTSA,SAAR,12.0
1973-10-01,1411,1677,2052,117.58333333333333,139.75,171.0,-53.41666666666667,-31.25,-641,-375,1.4542877391920623,1.1885187810063784,144.5000000000001,cumulative flow proxy,FRED_PERMIT,FRED_HOUST,FRED_COMPUTSA,SAAR,12.0
1973-11-01,1402,1724,1925,116.83333333333333,143.66666666666666,160.41666666666666,-43.58333333333333,-16.75,-523,-201,1.3730385164051355,1.2296718972895864,100.91666666666679,cumulative flow proxy,FRED_PERMIT,FRED_HOUST,FRED_COMPUTSA,SAAR,12.0
1973-12-01,1288,1526,1869,107.33333333333333,127.16666666666667,155.75,-48.41666666666667,-28.58333333333333,-581,-343,1.451086956521739,1.184782608695652,52.500000000000114,cumulative flow proxy,FRED_PERMIT,FRED_HOUST,FRED_COMPUTSA,SAAR,12.0
1974-01-01,1331,1451,1932,110.91666666666667,120.91666666666667,161.0,-50.08333333333333,-40.08333333333333,-601,-481,1.4515401953418483,1.0901577761081893,2.416666666666785,cumulative flow proxy,FRED_PERMIT,FRED_HOUST,FRED_COMPUTSA,SAAR,12.0
1974-02-01,1360,1752,1938,113.33333333333333,146.0,161.5,-48.16666666666667,-15.5,-578,-186,1.425,1.2882352941176471,-45.749999999999886,cumulative flow proxy,FRED_PERMIT,FRED_HOUST,FRED_COMPUTSA,SAAR,12.0
1974-03-01,1440,1555,1806,120.0,129.58333333333334,150.5,-30.5,-20.916666666666657,-366,-251,1.2541666666666667,1.0798611111111112,-76.24999999999989,cumulative flow proxy,FRED_PERMIT,FRED_HOUST,FRED_COMPUTSA,SAAR,12.0
1974-04-01,1254,1607,1830,104.5,133.91666666666666,152.5,-48.0,-18.583333333333343,-576,-223,1.4593301435406698,1.2814992025518341,-124.24999999999989,cumulative flow proxy,FRED_PERMIT,FRED_HOUST,FRED_COMPUTSA,SAAR,12.0
1974-05-01,1138,1426,1715,94.83333333333333,118.83333333333333,142.91666666666666,-48.08333333333333,-24.08333333333333,-577,-289,1.5070298769771528,1.2530755711775043,-172.3333333333332,cumulative flow proxy,FRED_PERMIT,FRED_HOUST,FRED_COMPUTSA,SAAR,12.0
1974-06-01,1086,1513,1897,90.5,126.08333333333333,158.08333333333334,-67.58333333333334,-32.000000000000014,-811,-384,1.7467771639042358,1.3931860036832413,-239.91666666666654,cumulative flow proxy,FRED_PERMIT,FRED_HOUST,FRED_COMPUTSA,SAAR,12.0
1974-07-01,1002,1316,1695,83.5,109.66666666666667,141.25,-57.75,-31.58333333333333,-693,-379,1.6916167664670658,1.313373253493014,-297.6666666666665,cumulative flow proxy,FRED_PERMIT,FRED_HOUST,FRED_COMPUTSA,SAAR,12.0
1974-08-01,917,1142,1634,76.41666666666667,95.16666666666667,136.16666666666666,-59.749999999999986,-40.999999999999986,-717,-492,1.7818974918211559,1.2453653217011995,-357.4166666666665,cumulative flow proxy,FRED_PERMIT,FRED_HOUST,FRED_COMPUTSA,SAAR,12.0
1974-09-01,840,1150,1651,70.0,95.83333333333333,137.58333333333334,-67.58333333333334,-41.750000000000014,-811,-501,1.9654761904761904,1.369047619047619,-424.9999999999999,cumulative flow proxy,FRED_PERMIT,FRED_HOUST,FRED_COMPUTSA,SAAR,12.0
1974-10-01,824,1070,1630,68.66666666666667,89.16666666666667,135.83333333333334,-67.16666666666667,-46.66666666666667,-806,-560,1.9781553398058251,1.2985436893203883,-492.1666666666666,cumulative flow proxy,FRED_PERMIT,FRED_HOUST,FRED_COMPUTSA,SAAR,12.0
1974-11-01,783,1026,1590,65.25,85.5,132.5,-67.25,-47.0,-807,-564,2.0306513409961684,1.3103448275862069,-559.4166666666665,cumulative flow proxy,FRED_PERMIT,FRED_HOUST,FRED_COMPUTSA,SAAR,12.0
1974-12-01,869,975,1540,72.41666666666667,81.25,128.33333333333334,-55.91666666666667,-47.08333333333334,-671,-565,1.7721518987341771,1.1219792865362486,-615.3333333333331,cumulative flow proxy,FRED_PERMIT,FRED_HOUST,FRED_COMPUTSA,SAAR,12.0
1975-01-01,726,1032,1588,60.5,86.0,132.33333333333334,-71.83333333333334,-46.33333333333334,-862,-556,2.18732782369146,1.421487603305785,-687.1666666666665,cumulative flow proxy,FRED_PERMIT,FRED_HOUST,FRED_COMPUTSA,SAAR,12.0
1975-02-01,729,904,1346,60.75,75.33333333333333,112.16666666666667,-51.41666666666667,-36.83333333333334,-617,-442,1.8463648834019204,1.2400548696844993,-738.5833333333331,cumulative flow proxy,FRED_PERMIT,FRED_HOUST,FRED_COMPUTSA,SAAR,12.0
1975-03-01,709,993,1293,59.083333333333336,82.75,107.75,-48.666666666666664,-25.0,-584,-300,1.8236953455571228,1.4005641748942173,-787.2499999999998,cumulative flow proxy,FRED_PERMIT,FRED_HOUST,FRED_COMPUTSA,SAAR,12.0
1975-04-01,866,1005,1278,72.16666666666667,83.75,106.5,-34.33333333333333,-22.75,-412,-273,1.4757505773672055,1.1605080831408776,-821.5833333333331,cumulative flow proxy,FRED_PERMIT,FRED_HOUST,FRED_COMPUTSA,SAAR,12.0
1975-05-01,914,1121,1349,76.16666666666667,93.41666666666667,112.41666666666667,-36.25,-19.0,-435,-228,1.4759299781181618,1.2264770240700218,-857.8333333333331,cumulative flow proxy,FRED_PERMIT,FRED_HOUST,FRED_COMPUTSA,SAAR,12.0
1975-06-01,946,1087,1234,78.83333333333333,90.58333333333333,102.83333333333333,-24.0,-12.25,-288,-147,1.3044397463002113,1.1490486257928119,-881.8333333333331,cumulative flow proxy,FRED_PERMIT,FRED_HOUST,FRED_COMPUTSA,SAAR,12.0
1975-07-01,1020,1226,1276,85.0,102.16666666666667,106.33333333333333,-21.33333333333333,-4.166666666666657,-256,-50,1.2509803921568627,1.2019607843137254,-903.1666666666665,cumulative flow proxy,FRED_PERMIT,FRED_HOUST,FRED_COMPUTSA,SAAR,12.0
1975-08-01,994,1260,1290,82.83333333333333,105.0,107.5,-24.66666666666667,-2.5,-296,-30,1.2977867203219315,1.267605633802817,-927.8333333333331,cumulative flow proxy,FRED_PERMIT,FRED_HOUST,FRED_COMPUTSA,SAAR,12.0
1975-09-01,1064,1264,1333,88.66666666666667,105.33333333333333,111.08333333333333,-22.416666666666657,-5.75,-269,-69,1.2528195488721805,1.1879699248120301,-950.2499999999998,cumulative flow proxy,FRED_PERMIT,FRED_HOUST,FRED_COMPUTSA,SAAR,12.0
1975-10-01,1096,1344,1134,91.33333333333333,112.0,94.5,-3.1666666666666714,17.5,-38,210,1.0346715328467153,1.2262773722627738,-953.4166666666664,cumulative flow proxy,FRED_PERMIT,FRED_HOUST,FRED_COMPUTSA,SAAR,12.0
1975-11-01,1110,1360,1383,92.5,113.33333333333333,115.25,-22.75,-1.9166666666666714,-273,-23,1.2459459459459459,1.2252252252252251,-976.1666666666664,cumulative flow proxy,FRED_PERMIT,FRED_HOUST,FRED_COMPUTSA,SAAR,12.0
1975-12-01,1091,1321,1306,90.91666666666667,110.08333333333333,108.83333333333333,-17.916666666666657,1.25,-215,15,1.1970669110907424,1.2108157653528873,-994.083333333333,cumulative flow proxy,FRED_PERMIT,FRED_HOUST,FRED_COMPUTSA,SAAR,12.0
1976-01-01,1195,1367,1258,99.58333333333333,113.91666666666667,104.83333333333333,-5.25,9.083333333333343,-63,109,1.0527196652719666,1.1439330543933055,-999.333333333333,cumulative flow proxy,FRED_PERMIT,FRED_HOUST,FRED_COMPUTSA,SAAR,12.0
1976-02-01,1190,1538,1311,99.16666666666667,128.16666666666666,109.25,-10.083333333333329,18.916666666666657,-121,227,1.1016806722689076,1.292436974789916,-1009.4166666666664,cumulative flow proxy,FRED_PERMIT,FRED_HOUST,FRED_COMPUTSA,SAAR,12.0
1976-03-01,1164,1421,1347,97.0,118.41666666666667,112.25,-15.25,6.166666666666671,-183,74,1.157216494845361,1.220790378006873,-1024.6666666666665,cumulative flow proxy,FRED_PERMIT,FRED_HOUST,FRED_COMPUTSA,SAAR,12.0
1976-04-01,1132,1395,1332,94.33333333333333,116.25,111.0,-16.66666666666667,5.25,-200,63,1.176678445229682,1.232332155477032,-1041.3333333333333,cumulative flow proxy,FRED_PERMIT,FRED_HOUST,FRED_COMPUTSA,SAAR,12.0
1976-05-01,1194,1459,1440,99.5,121.58333333333333,120.0,-20.5,1.5833333333333286,-246,19,1.2060301507537687,1.2219430485762144,-1061.8333333333333,cumulative flow proxy,FRED_PERMIT,FRED_HOUST,FRED_COMPUTSA,SAAR,12.0
1976-06-01,1188,1495,1390,99.0,124.58333333333333,115.83333333333333,-16.83333333333333,8.75,-202,105,1.17003367003367,1.2584175084175084,-1078.6666666666665,cumulative flow proxy,FRED_PERMIT,FRED_HOUST,FRED_COMPUTSA,SAAR,12.0
1976-07-01,1245,1401,1322,103.75,116.75,110.16666666666667,-6.416666666666671,6.583333333333329,-77,79,1.061847389558233,1.1253012048192772,-1085.0833333333333,cumulative flow proxy,FRED_PERMIT,FRED_HOUST,FRED_COMPUTSA,SAAR,12.0
1976-08-01,1309,1550,1374,109.08333333333333,129.16666666666666,114.5,-5.416666666666671,14.666666666666657,-65,176,1.0496562261268143,1.1841100076394193,-1090.5,cumulative flow proxy,FRED_PERMIT,FRED_HOUST,FRED_COMPUTSA,SAAR,12.0
1976-09-01,1481,1720,1371,123.41666666666667,143.33333333333334,114.25,9.166666666666671,29.083333333333343,110,349,0.925725860904794,1.161377447670493,-1081.3333333333333,cumulative flow proxy,FRED_PERMIT,FRED_HOUST,FRED_COMPUTSA,SAAR,12.0
1976-10-01,1425,1629,1388,118.75,135.75,115.66666666666667,3.0833333333333286,20.08333333333333,37,241,0.9740350877192983,1.1431578947368422,-1078.25,cumulative flow proxy,FRED_PERMIT,FRED_HOUST,FRED_COMPUTSA,SAAR,12.0
1976-11-01,1531,1641,1428,127.58333333333333,136.75,119.0,8.583333333333329,17.75,103,213,0.9327237099934683,1.0718484650555193,-1069.6666666666667,cumulative flow proxy,FRED_PERMIT,FRED_HOUST,FRED_COMPUTSA,SAAR,12.0
1976-12-01,1511,1804,1457,125.91666666666667,150.33333333333334,121.41666666666667,4.5,28.91666666666667,54,347,0.9642620780939775,1.1939113170086035,-1065.1666666666667,cumulative flow proxy,FRED_PERMIT,FRED_HOUST,FRED_COMPUTSA,SAAR,12.0
1977-01-01,1466,1527,1457,122.16666666666667,127.25,121.41666666666667,0.75,5.833333333333329,9,70,0.9938608458390177,1.0416098226466575,-1064.4166666666667,cumulative flow proxy,FRED_PERMIT,FRED_HOUST,FRED_COMPUTSA,SAAR,12.0
1977-02-01,1560,1943,1655,130.0,161.91666666666666,137.91666666666666,-7.916666666666657,24.0,-95,288,1.060897435897436,1.2455128205128205,-1072.3333333333335,cumulative flow proxy,FRED_PERMIT,FRED_HOUST,FRED_COMPUTSA,SAAR,12.0
1977-03-01,1660,2063,1619,138.33333333333334,171.91666666666666,134.91666666666666,3.4166666666666856,37.0,41,444,0.9753012048192771,1.2427710843373494,-1068.9166666666667,cumulative flow proxy,FRED_PERMIT,FRED_HOUST,FRED_COMPUTSA,SAAR,12.0
1977-04-01,1660,1892,1548,138.33333333333334,157.66666666666666,129.0,9.333333333333343,28.666666666666657,112,344,0.9325301204819277,1.1397590361445784,-1059.5833333333335,cumulative flow proxy,FRED_PERMIT,FRED_HOUST,FRED_COMPUTSA,SAAR,12.0
1977-05-01,1668,1971,1555,139.0,164.25,129.58333333333334,9.416666666666657,34.66666666666666,113,416,0.9322541966426858,1.1816546762589928,-1050.1666666666667,cumulative flow proxy,FRED_PERMIT,FRED_HOUST,FRED_COMPUTSA,SAAR,12.0
1977-06-01,1752,1893,1636,146.0,157.75,136.33333333333334,9.666666666666657,21.416666666666657,116,257,0.9337899543378996,1.0804794520547945,-1040.5,cumulative flow proxy,FRED_PERMIT,FRED_HOUST,FRED_COMPUTSA,SAAR,12.0
1977-07-01,1687,2058,1687,140.58333333333334,171.5,140.58333333333334,0.0,30.916666666666657,0,371,1.0,1.2199170124481329,-1040.5,cumulative flow proxy,FRED_PERMIT,FRED_HOUST,FRED_COMPUTSA,SAAR,12.0
1977-08-01,1780,2020,1673,148.33333333333334,168.33333333333334,139.41666666666666,8.916666666666686,28.916666666666686,107,347,0.9398876404494382,1.1348314606741574,-1031.5833333333333,cumulative flow proxy,FRED_PERMIT,FRED_HOUST,FRED_COMPUTSA,SAAR,12.0
1977-09-01,1674,1949,1865,139.5,162.41666666666666,155.41666666666666,-15.916666666666657,7.0,-191,84,1.1140979689366786,1.1642771804062126,-1047.5,cumulative flow proxy,FRED_PERMIT,FRED_HOUST,FRED_COMPUTSA,SAAR,12.0
1977-10-01,1758,2042,1675,146.5,170.16666666666666,139.58333333333334,6.916666666666657,30.583333333333314,83,367,0.9527872582480091,1.161547212741752,-1040.5833333333333,cumulative flow proxy,FRED_PERMIT,FRED_HOUST,FRED_COMPUTSA,SAAR,12.0
1977-11-01,1771,2042,1770,147.58333333333334,170.16666666666666,147.5,0.08333333333334281,22.666666666666657,1,272,0.9994353472614342,1.153020892151327,-1040.5,cumulative flow proxy,FRED_PERMIT,FRED_HOUST,FRED_COMPUTSA,SAAR,12.0
1977-12-01,1754,2142,1634,146.16666666666666,178.5,136.16666666666666,10.0,42.33333333333334,120,508,0.9315849486887116,1.2212086659064993,-1030.5,cumulative flow proxy,FRED_PERMIT,FRED_HOUST,FRED_COMPUTSA,SAAR,12.0
1978-01-01,1740,1718,1777,145.0,143.16666666666666,148.08333333333334,-3.083333333333343,-4.916666666666686,-37,-59,1.021264367816092,0.9873563218390805,-1033.5833333333333,cumulative flow proxy,FRED_PERMIT,FRED_HOUST,FRED_COMPUTSA,SAAR,12.0
1978-02-01,1736,1738,1719,144.66666666666666,144.83333333333334,143.25,1.4166666666666572,1.5833333333333428,17,19,0.9902073732718893,1.0011520737327189,-1032.1666666666665,cumulative flow proxy,FRED_PERMIT,FRED_HOUST,FRED_COMPUTSA,SAAR,12.0
1978-03-01,1799,2032,1785,149.91666666666666,169.33333333333334,148.75,1.1666666666666572,20.583333333333343,14,247,0.9922178988326849,1.1295163979988883,-1030.9999999999998,cumulative flow proxy,FRED_PERMIT,FRED_HOUST,FRED_COMPUTSA,SAAR,12.0
1978-04-01,1948,2197,1843,162.33333333333334,183.08333333333334,153.58333333333334,8.75,29.5,105,354,0.9460985626283368,1.12782340862423,-1022.2499999999998,cumulative flow proxy,FRED_PERMIT,FRED_HOUST,FRED_COMPUTSA,SAAR,12.0
1978-05-01,1766,2075,1850,147.16666666666666,172.91666666666666,154.16666666666666,-7.0,18.75,-84,225,1.0475651189127972,1.1749716874292186,-1029.2499999999998,cumulative flow proxy,FRED_PERMIT,FRED_HOUST,FRED_COMPUTSA,SAAR,12.0
1978-06-01,1983,2070,1905,165.25,172.5,158.75,6.5,13.75,78,165,0.9606656580937972,1.0438729198184569,-1022.7499999999998,cumulative flow proxy,FRED_PERMIT,FRED_HOUST,FRED_COMPUTSA,SAAR,12.0
1978-07-01,1786,2092,1957,148.83333333333334,174.33333333333334,163.08333333333334,-14.25,11.25,-171,135,1.0957446808510638,1.1713325867861142,-1036.9999999999998,cumulative flow proxy,FRED_PERMIT,FRED_HOUST,FRED_COMPUTSA,SAAR,12.0
1978-08-01,1691,1996,1976,140.91666666666666,166.33333333333334,164.66666666666666,-23.75,1.6666666666666856,-285,20,1.1685393258426966,1.180366646954465,-1060.7499999999998,cumulative flow proxy,FRED_PERMIT,FRED_HOUST,FRED_COMPUTSA,SAAR,12.0
1978-09-01,1751,1970,1944,145.91666666666666,164.16666666666666,162.0,-16.083333333333343,2.166666666666657,-193,26,1.1102227298686465,1.1250713877784124,-1076.833333333333,cumulative flow proxy,FRED_PERMIT,FRED_HOUST,FRED_COMPUTSA,SAAR,12.0
1978-10-01,1781,1981,1885,148.41666666666666,165.08333333333334,157.08333333333334,-8.666666666666686,8.0,-104,96,1.0583941605839415,1.1122964626614262,-1085.4999999999998,cumulative flow proxy,FRED_PERMIT,FRED_HOUST,FRED_COMPUTSA,SAAR,12.0
1978-11-01,1795,2094,1877,149.58333333333334,174.5,156.41666666666666,-6.833333333333314,18.083333333333343,-82,217,1.045682451253482,1.1665738161559889,-1092.333333333333,cumulative flow proxy,FRED_PERMIT,FRED_HOUST,FRED_COMPUTSA,SAAR,12.0
1978-12-01,1818,2044,1844,151.5,170.33333333333334,153.66666666666666,-2.166666666666657,16.666666666666686,-26,200,1.0143014301430142,1.1243124312431243,-1094.4999999999998,cumulative flow proxy,FRED_PERMIT,FRED_HOUST,FRED_COMPUTSA,SAAR,12.0
1979-01-01,1461,1630,1850,121.75,135.83333333333334,154.16666666666666,-32.41666666666666,-18.333333333333314,-389,-220,1.266255989048597,1.1156741957563312,-1126.9166666666665,cumulative flow proxy,FRED_PERMIT,FRED_HOUST,FRED_COMPUTSA,SAAR,12.0
1979-02-01,1492,1520,1845,124.33333333333333,126.66666666666667,153.75,-29.41666666666667,-27.08333333333333,-353,-325,1.2365951742627346,1.0187667560321716,-1156.3333333333333,cumulative flow proxy,FRED_PERMIT,FRED_HOUST,FRED_COMPUTSA,SAAR,12.0
1979-03-01,1720,1847,1946,143.33333333333334,153.91666666666666,162.16666666666666,-18.833333333333314,-8.25,-226,-99,1.1313953488372093,1.0738372093023256,-1175.1666666666665,cumulative flow proxy,FRED_PERMIT,FRED_HOUST,FRED_COMPUTSA,SAAR,12.0
1979-04-01,1597,1748,1866,133.08333333333334,145.66666666666666,155.5,-22.416666666666657,-9.833333333333343,-269,-118,1.1684408265497808,1.0945522855353789,-1197.5833333333333,cumulative flow proxy,FRED_PERMIT,FRED_HOUST,FRED_COMPUTSA,SAAR,12.0
1979-05-01,1684,1876,2007,140.33333333333334,156.33333333333334,167.25,-26.916666666666657,-10.916666666666657,-323,-131,1.1918052256532066,1.1140142517814726,-1224.5,cumulative flow proxy,FRED_PERMIT,FRED_HOUST,FRED_COMPUTSA,SAAR,12.0
1979-06-01,1640,1913,1853,136.66666666666666,159.41666666666666,154.41666666666666,-17.75,5.0,-213,60,1.1298780487804878,1.1664634146341464,-1242.25,cumulative flow proxy,FRED_PERMIT,FRED_HOUST,FRED_COMPUTSA,SAAR,12.0
1979-07-01,1534,1760,1759,127.83333333333333,146.66666666666666,146.58333333333334,-18.750000000000014,0.08333333333331439,-225,1,1.1466753585397653,1.1473272490221642,-1261.0,cumulative flow proxy,FRED_PERMIT,FRED_HOUST,FRED_COMPUTSA,SAAR,12.0
1979-08-01,1591,1778,1779,132.58333333333334,148.16666666666666,148.25,-15.666666666666657,-0.08333333333334281,-188,-1,1.1181646763042112,1.1175361407919548,-1276.6666666666667,cumulative flow proxy,FRED_PERMIT,FRED_HOUST,FRED_COMPUTSA,SAAR,12.0
1979-09-01,1638,1832,1983,136.5,152.66666666666666,165.25,-28.75,-12.583333333333343,-345,-151,1.2106227106227105,1.1184371184371185,-1305.4166666666667,cumulative flow proxy,FRED_PERMIT,FRED_HOUST,FRED_COMPUTSA,SAAR,12.0
1979-10-01,1481,1681,1832,123.41666666666667,140.08333333333334,152.66666666666666,-29.249999999999986,-12.583333333333314,-351,-151,1.237002025658339,1.135043889264011,-1334.6666666666667,cumulative flow proxy,FRED_PERMIT,FRED_HOUST,FRED_COMPUTSA,SAAR,12.0
1979-11-01,1276,1524,1892,106.33333333333333,127.0,157.66666666666666,-51.33333333333333,-30.666666666666657,-616,-368,1.4827586206896552,1.1943573667711598,-1386.0,cumulative flow proxy,FRED_PERMIT,FRED_HOUST,FRED_COMPUTSA,SAAR,12.0
1979-12-01,1254,1498,1863,104.5,124.83333333333333,155.25,-50.75,-30.41666666666667,-609,-365,1.485645933014354,1.1945773524720893,-1436.75,cumulative flow proxy,FRED_PERMIT,FRED_HOUST,FRED_COMPUTSA,SAAR,12.0
1980-01-01,1280,1341,1794,106.66666666666667,111.75,149.5,-42.83333333333333,-37.75,-514,-453,1.4015625,1.04765625,-1479.5833333333333,cumulative flow proxy,FRED_PERMIT,FRED_HOUST,FRED_COMPUTSA,SAAR,12.0
1980-02-01,1199,1350,1803,99.91666666666667,112.5,150.25,-50.33333333333333,-37.75,-604,-453,1.5037531276063387,1.1259382819015846,-1529.9166666666665,cumulative flow proxy,FRED_PERMIT,FRED_HOUST,FRED_COMPUTSA,SAAR,12.0
1980-03-01,988,1047,1701,82.33333333333333,87.25,141.75,-59.41666666666667,-54.5,-713,-654,1.7216599190283401,1.0597165991902835,-1589.3333333333333,cumulative flow proxy,FRED_PERMIT,FRED_HOUST,FRED_COMPUTSA,SAAR,12.0
1980-04-01,808,1051,1751,67.33333333333333,87.58333333333333,145.91666666666666,-78.58333333333333,-58.33333333333333,-943,-700,2.167079207920792,1.3007425742574257,-1667.9166666666665,cumulative flow proxy,FRED_PERMIT,FRED_HOUST,FRED_COMPUTSA,SAAR,12.0
1980-05-01,861,927,1532,71.75,77.25,127.66666666666667,-55.91666666666667,-50.41666666666667,-671,-605,1.7793263646922184,1.0766550522648084,-1723.8333333333333,cumulative flow proxy,FRED_PERMIT,FRED_HOUST,FRED_COMPUTSA,SAAR,12.0
1980-06-01,1118,1196,1480,93.16666666666667,99.66666666666667,123.33333333333333,-30.166666666666657,-23.666666666666657,-362,-284,1.3237924865831843,1.069767441860465,-1754.0,cumulative flow proxy,FRED_PERMIT,FRED_HOUST,FRED_COMPUTSA,SAAR,12.0
1980-07-01,1259,1269,1472,104.91666666666667,105.75,122.66666666666667,-17.75,-16.91666666666667,-213,-203,1.1691818903891977,1.0079428117553615,-1771.75,cumulative flow proxy,FRED_PERMIT,FRED_HOUST,FRED_COMPUTSA,SAAR,12.0
1980-08-01,1367,1436,1440,113.91666666666667,119.66666666666667,120.0,-6.083333333333329,-0.3333333333333286,-73,-4,1.0534016093635699,1.0504754937820044,-1777.8333333333333,cumulative flow proxy,FRED_PERMIT,FRED_HOUST,FRED_COMPUTSA,SAAR,12.0
1980-09-01,1484,1471,1267,123.66666666666667,122.58333333333333,105.58333333333333,18.083333333333343,17.0,217,204,0.8537735849056604,0.9912398921832885,-1759.75,cumulative flow proxy,FRED_PERMIT,FRED_HOUST,FRED_COMPUTSA,SAAR,12.0
1980-10-01,1366,1523,1272,113.83333333333333,126.91666666666667,106.0,7.833333333333329,20.91666666666667,94,251,0.931185944363104,1.1149341142020497,-1751.9166666666667,cumulative flow proxy,FRED_PERMIT,FRED_HOUST,FRED_COMPUTSA,SAAR,12.0
1980-11-01,1383,1510,1313,115.25,125.83333333333333,109.41666666666667,5.833333333333329,16.416666666666657,70,197,0.9493853940708604,1.091829356471439,-1746.0833333333335,cumulative flow proxy,FRED_PERMIT,FRED_HOUST,FRED_COMPUTSA,SAAR,12.0
1980-12-01,1249,1482,1378,104.08333333333333,123.5,114.83333333333333,-10.75,8.666666666666671,-129,104,1.1032826261008808,1.1865492393915131,-1756.8333333333335,cumulative flow proxy,FRED_PERMIT,FRED_HOUST,FRED_COMPUTSA,SAAR,12.0
1981-01-01,1221,1547,1270,101.75,128.91666666666666,105.83333333333333,-4.083333333333329,23.08333333333333,-49,277,1.0401310401310402,1.266994266994267,-1760.9166666666667,cumulative flow proxy,FRED_PERMIT,FRED_HOUST,FRED_COMPUTSA,SAAR,12.0
1981-02-01,1199,1246,1395,99.91666666666667,103.83333333333333,116.25,-16.33333333333333,-12.416666666666671,-196,-149,1.1634695579649708,1.0391993327773144,-1777.25,cumulative flow proxy,FRED_PERMIT,FRED_HOUST,FRED_COMPUTSA,SAAR,12.0
1981-03-01,1183,1306,1377,98.58333333333333,108.83333333333333,114.75,-16.16666666666667,-5.916666666666671,-194,-71,1.1639898562975486,1.1039729501267963,-1793.4166666666667,cumulative flow proxy,FRED_PERMIT,FRED_HOUST,FRED_COMPUTSA,SAAR,12.0
1981-04-01,1190,1360,1469,99.16666666666667,113.33333333333333,122.41666666666667,-23.25,-9.083333333333343,-279,-109,1.234453781512605,1.1428571428571428,-1816.6666666666667,cumulative flow proxy,FRED_PERMIT,FRED_HOUST,FRED_COMPUTSA,SAAR,12.0
1981-05-01,1173,1140,1246,97.75,95.0,103.83333333333333,-6.083333333333329,-8.833333333333329,-73,-106,1.062233589087809,0.9718670076726342,-1822.75,cumulative flow proxy,FRED_PERMIT,FRED_HOUST,FRED_COMPUTSA,SAAR,12.0
1981-06-01,976,1045,1350,81.33333333333333,87.08333333333333,112.5,-31.16666666666667,-25.41666666666667,-374,-305,1.3831967213114753,1.0706967213114753,-1853.9166666666667,cumulative flow proxy,FRED_PERMIT,FRED_HOUST,FRED_COMPUTSA,SAAR,12.0
1981-07-01,935,1041,1337,77.91666666666667,86.75,111.41666666666667,-33.5,-24.66666666666667,-402,-296,1.429946524064171,1.1133689839572192,-1887.4166666666667,cumulative flow proxy,FRED_PERMIT,FRED_HOUST,FRED_COMPUTSA,SAAR,12.0
1981-08-01,889,940,1222,74.08333333333333,78.33333333333333,101.83333333333333,-27.75,-23.5,-333,-282,1.3745781777277841,1.0573678290213724,-1915.1666666666667,cumulative flow proxy,FRED_PERMIT,FRED_HOUST,FRED_COMPUTSA,SAAR,12.0
1981-09-01,847,911,1221,70.58333333333333,75.91666666666667,101.75,-31.16666666666667,-25.83333333333333,-374,-310,1.4415584415584415,1.0755608028335302,-1946.3333333333335,cumulative flow proxy,FRED_PERMIT,FRED_HOUST,FRED_COMPUTSA,SAAR,12.0
1981-10-01,731,873,1206,60.916666666666664,72.75,100.5,-39.583333333333336,-27.75,-475,-333,1.6497948016415869,1.1942544459644322,-1985.9166666666667,cumulative flow proxy,FRED_PERMIT,FRED_HOUST,FRED_COMPUTSA,SAAR,12.0
1981-11-01,748,837,1074,62.333333333333336,69.75,89.5,-27.166666666666664,-19.75,-326,-237,1.4358288770053476,1.1189839572192513,-2013.0833333333335,cumulative flow proxy,FRED_PERMIT,FRED_HOUST,FRED_COMPUTSA,SAAR,12.0
1981-12-01,796,910,1129,66.33333333333333,75.83333333333333,94.08333333333333,-27.75,-18.25,-333,-219,1.4183417085427135,1.14321608040201,-2040.8333333333335,cumulative flow proxy,FRED_PERMIT,FRED_HOUST,FRED_COMPUTSA,SAAR,12.0
1982-01-01,794,843,1052,66.16666666666667,70.25,87.66666666666667,-21.5,-17.41666666666667,-258,-209,1.3249370277078085,1.061712846347607,-2062.3333333333335,cumulative flow proxy,FRED_PERMIT,FRED_HOUST,FRED_COMPUTSA,SAAR,12.0
1982-02-01,808,866,935,67.33333333333333,72.16666666666667,77.91666666666667,-10.583333333333343,-5.75,-127,-69,1.1571782178217822,1.0717821782178218,-2072.916666666667,cumulative flow proxy,FRED_PERMIT,FRED_HOUST,FRED_COMPUTSA,SAAR,12.0
1982-03-01,891,931,965,74.25,77.58333333333333,80.41666666666667,-6.166666666666671,-2.833333333333343,-74,-34,1.0830527497194165,1.0448933782267116,-2079.0833333333335,cumulative flow proxy,FRED_PERMIT,FRED_HOUST,FRED_COMPUTSA,SAAR,12.0
1982-04-01,888,917,979,74.0,76.41666666666667,81.58333333333333,-7.583333333333329,-5.166666666666657,-91,-62,1.1024774774774775,1.0326576576576576,-2086.666666666667,cumulative flow proxy,FRED_PERMIT,FRED_HOUST,FRED_COMPUTSA,SAAR,12.0
1982-05-01,953,1025,1060,79.41666666666667,85.41666666666667,88.33333333333333,-8.916666666666657,-2.916666666666657,-107,-35,1.1122770199370409,1.0755508919202519,-2095.5833333333335,cumulative flow proxy,FRED_PERMIT,FRED_HOUST,FRED_COMPUTSA,SAAR,12.0
1982-06-01,913,902,930,76.08333333333333,75.16666666666667,77.5,-1.4166666666666714,-2.3333333333333286,-17,-28,1.0186199342825848,0.9879518072289156,-2097.0,cumulative flow proxy,FRED_PERMIT,FRED_HOUST,FRED_COMPUTSA,SAAR,12.0
1982-07-01,1044,1166,1006,87.0,97.16666666666667,83.83333333333333,3.1666666666666714,13.333333333333343,38,160,0.9636015325670498,1.1168582375478928,-2093.8333333333335,cumulative flow proxy,FRED_PERMIT,FRED_HOUST,FRED_COMPUTSA,SAAR,12.0
1982-08-01,926,1046,985,77.16666666666667,87.16666666666667,82.08333333333333,-4.916666666666657,5.083333333333343,-59,61,1.0637149028077755,1.1295896328293737,-2098.75,cumulative flow proxy,FRED_PERMIT,FRED_HOUST,FRED_COMPUTSA,SAAR,12.0
1982-09-01,1042,1144,947,86.83333333333333,95.33333333333333,78.91666666666667,7.916666666666657,16.416666666666657,95,197,0.9088291746641075,1.0978886756238004,-2090.8333333333335,cumulative flow proxy,FRED_PERMIT,FRED_HOUST,FRED_COMPUTSA,SAAR,12.0
1982-10-01,1149,1173,1059,95.75,97.75,88.25,7.5,9.5,90,114,0.9216710182767625,1.0208877284595301,-2083.3333333333335,cumulative flow proxy,FRED_PERMIT,FRED_HOUST,FRED_COMPUTSA,SAAR,12.0
1982-11-01,1229,1372,1079,102.41666666666667,114.33333333333333,89.91666666666667,12.5,24.416666666666657,150,293,0.8779495524816925,1.1163547599674533,-2070.8333333333335,cumulative flow proxy,FRED_PERMIT,FRED_HOUST,FRED_COMPUTSA,SAAR,12.0
1982-12-01,1351,1303,1047,112.58333333333333,108.58333333333333,87.25,25.33333333333333,21.33333333333333,304,256,0.774981495188749,0.9644707623982235,-2045.5000000000002,cumulative flow proxy,FRED_PERMIT,FRED_HOUST,FRED_COMPUTSA,SAAR,12.0
1983-01-01,1426,1586,1187,118.83333333333333,132.16666666666666,98.91666666666667,19.916666666666657,33.249999999999986,239,399,0.832398316970547,1.1122019635343618,-2025.5833333333335,cumulative flow proxy,FRED_PERMIT,FRED_HOUST,FRED_COMPUTSA,SAAR,12.0
1983-02-01,1471,1699,1135,122.58333333333333,141.58333333333334,94.58333333333333,28.0,47.000000000000014,336,564,0.7715839564921821,1.1549966009517336,-1997.5833333333335,cumulative flow proxy,FRED_PERMIT,FRED_HOUST,FRED_COMPUTSA,SAAR,12.0
1983-03-01,1475,1606,1168,122.91666666666667,133.83333333333334,97.33333333333333,25.583333333333343,36.500000000000014,307,438,0.791864406779661,1.0888135593220338,-1972.0000000000002,cumulative flow proxy,FRED_PERMIT,FRED_HOUST,FRED_COMPUTSA,SAAR,12.0
1983-04-01,1566,1472,1197,130.5,122.66666666666667,99.75,30.75,22.91666666666667,369,275,0.764367816091954,0.9399744572158365,-1941.2500000000002,cumulative flow proxy,FRED_PERMIT,FRED_HOUST,FRED_COMPUTSA,SAAR,12.0
1983-05-01,1669,1776,1300,139.08333333333334,148.0,108.33333333333333,30.750000000000014,39.66666666666667,369,476,0.7789095266626722,1.0641102456560816,-1910.5000000000002,cumulative flow proxy,FRED_PERMIT,FRED_HOUST,FRED_COMPUTSA,SAAR,12.0
1983-06-01,1769,1733,1344,147.41666666666666,144.41666666666666,112.0,35.41666666666666,32.41666666666666,425,389,0.7597512719050311,0.9796495195025439,-1875.0833333333335,cumulative flow proxy,FRED_PERMIT,FRED_HOUST,FRED_COMPUTSA,SAAR,12.0
1983-07-01,1795,1785,1410,149.58333333333334,148.75,117.5,32.08333333333334,31.25,385,375,0.7855153203342619,0.9944289693593314,-1843.0000000000002,cumulative flow proxy,FRED_PERMIT,FRED_HOUST,FRED_COMPUTSA,SAAR,12.0
1983-08-01,1713,1910,1711,142.75,159.16666666666666,142.58333333333334,0.1666666666666572,16.583333333333314,2,199,0.9988324576765908,1.1150029188558086,-1842.8333333333335,cumulative flow proxy,FRED_PERMIT,FRED_HOUST,FRED_COMPUTSA,SAAR,12.0
1983-09-01,1585,1710,1493,132.08333333333334,142.5,124.41666666666667,7.666666666666671,18.08333333333333,92,217,0.9419558359621452,1.0788643533123028,-1835.1666666666667,cumulative flow proxy,FRED_PERMIT,FRED_HOUST,FRED_COMPUTSA,SAAR,12.0
1983-10-01,1716,1715,1586,143.0,142.91666666666666,132.16666666666666,10.833333333333343,10.75,130,129,0.9242424242424242,0.9994172494172494,-1824.3333333333335,cumulative flow proxy,FRED_PERMIT,FRED_HOUST,FRED_COMPUTSA,SAAR,12.0
1983-11-01,1668,1785,1462,139.0,148.75,121.83333333333333,17.16666666666667,26.91666666666667,206,323,0.8764988009592326,1.0701438848920863,-1807.1666666666667,cumulative flow proxy,FRED_PERMIT,FRED_HOUST,FRED_COMPUTSA,SAAR,12.0
1983-12-01,1627,1688,1509,135.58333333333334,140.66666666666666,125.75,9.833333333333343,14.916666666666657,118,179,0.9274738783036263,1.0374923171481254,-1797.3333333333335,cumulative flow proxy,FRED_PERMIT,FRED_HOUST,FRED_COMPUTSA,SAAR,12.0
1984-01-01,1816,1897,1595,151.33333333333334,158.08333333333334,132.91666666666666,18.416666666666686,25.166666666666686,221,302,0.8783039647577092,1.044603524229075,-1778.9166666666667,cumulative flow proxy,FRED_PERMIT,FRED_HOUST,FRED_COMPUTSA,SAAR,12.0
1984-02-01,1987,2260,1562,165.58333333333334,188.33333333333334,130.16666666666666,35.416666666666686,58.166666666666686,425,698,0.7861097131353799,1.1373930548565676,-1743.5,cumulative flow proxy,FRED_PERMIT,FRED_HOUST,FRED_COMPUTSA,SAAR,12.0
1984-03-01,1725,1663,1600,143.75,138.58333333333334,133.33333333333334,10.416666666666657,5.25,125,63,0.927536231884058,0.9640579710144928,-1733.0833333333333,cumulative flow proxy,FRED_PERMIT,FRED_HOUST,FRED_COMPUTSA,SAAR,12.0
1984-04-01,1776,1851,1683,148.0,154.25,140.25,7.75,14.0,93,168,0.9476351351351351,1.0422297297297298,-1725.3333333333333,cumulative flow proxy,FRED_PERMIT,FRED_HOUST,FRED_COMPUTSA,SAAR,12.0
1984-05-01,1741,1774,1732,145.08333333333334,147.83333333333334,144.33333333333334,0.75,3.5,9,42,0.9948305571510626,1.0189546237794371,-1724.5833333333333,cumulative flow proxy,FRED_PERMIT,FRED_HOUST,FRED_COMPUTSA,SAAR,12.0
1984-06-01,1814,1843,1714,151.16666666666666,153.58333333333334,142.83333333333334,8.333333333333314,10.75,100,129,0.9448732083792724,1.015986769570011,-1716.25,cumulative flow proxy,FRED_PERMIT,FRED_HOUST,FRED_COMPUTSA,SAAR,12.0
1984-07-01,1605,1732,1692,133.75,144.33333333333334,141.0,-7.25,3.333333333333343,-87,40,1.0542056074766355,1.0791277258566978,-1723.5,cumulative flow proxy,FRED_PERMIT,FRED_HOUST,FRED_COMPUTSA,SAAR,12.0
1984-08-01,1530,1586,1685,127.5,132.16666666666666,140.41666666666666,-12.916666666666657,-8.25,-155,-99,1.1013071895424837,1.0366013071895426,-1736.4166666666667,cumulative flow proxy,FRED_PERMIT,FRED_HOUST,FRED_COMPUTSA,SAAR,12.0
1984-09-01,1523,1698,1642,126.91666666666667,141.5,136.83333333333334,-9.916666666666671,4.666666666666657,-119,56,1.0781352593565332,1.1149047931713723,-1746.3333333333335,cumulative flow proxy,FRED_PERMIT,FRED_HOUST,FRED_COMPUTSA,SAAR,12.0
1984-10-01,1490,1590,1633,124.16666666666667,132.5,136.08333333333334,-11.916666666666671,-3.583333333333343,-143,-43,1.095973154362416,1.0671140939597314,-1758.2500000000002,cumulative flow proxy,FRED_PERMIT,FRED_HOUST,FRED_COMPUTSA,SAAR,12.0
1984-11-01,1643,1689,1611,136.91666666666666,140.75,134.25,2.666666666666657,6.5,32,78,0.9805234327449787,1.0279975654290932,-1755.5833333333335,cumulative flow proxy,FRED_PERMIT,FRED_HOUST,FRED_COMPUTSA,SAAR,12.0
1984-12-01,1626,1612,1629,135.5,134.33333333333334,135.75,-0.25,-1.4166666666666572,-3,-17,1.0018450184501846,0.991389913899139,-1755.8333333333335,cumulative flow proxy,FRED_PERMIT,FRED_HOUST,FRED_COMPUTSA,SAAR,12.0
1985-01-01,1660,1711,1646,138.33333333333334,142.58333333333334,137.16666666666666,1.1666666666666856,5.416666666666686,14,65,0.9915662650602409,1.030722891566265,-1754.6666666666667,cumulative flow proxy,FRED_PERMIT,FRED_HOUST,FRED_COMPUTSA,SAAR,12.0
1985-02-01,1662,1632,1772,138.5,136.0,147.66666666666666,-9.166666666666657,-11.666666666666657,-110,-140,1.0661853188929,0.9819494584837545,-1763.8333333333335,cumulative flow proxy,FRED_PERMIT,FRED_HOUST,FRED_COMPUTSA,SAAR,12.0
1985-03-01,1727,1800,1715,143.91666666666666,150.0,142.91666666666666,1.0,7.083333333333343,12,85,0.9930515344528084,1.0422698320787493,-1762.8333333333335,cumulative flow proxy,FRED_PERMIT,FRED_HOUST,FRED_COMPUTSA,SAAR,12.0
1985-04-01,1664,1821,1630,138.66666666666666,151.75,135.83333333333334,2.8333333333333144,15.916666666666657,34,191,0.9795673076923077,1.0943509615384615,-1760.0000000000002,cumulative flow proxy,FRED_PERMIT,FRED_HOUST,FRED_COMPUTSA,SAAR,12.0
1985-05-01,1709,1680,1665,142.41666666666666,140.0,138.75,3.666666666666657,1.25,44,15,0.9742539496781744,0.9830310122878877,-1756.3333333333335,cumulative flow proxy,FRED_PERMIT,FRED_HOUST,FRED_COMPUTSA,SAAR,12.0
1985-06-01,1716,1676,1791,143.0,139.66666666666666,149.25,-6.25,-9.583333333333343,-75,-115,1.0437062937062938,0.9766899766899767,-1762.5833333333335,cumulative flow proxy,FRED_PERMIT,FRED_HOUST,FRED_COMPUTSA,SAAR,12.0
1985-07-01,1697,1684,1693,141.41666666666666,140.33333333333334,141.08333333333334,0.3333333333333144,-0.75,4,-9,0.9976428992339422,0.9923394225103123,-1762.2500000000002,cumulative flow proxy,FRED_PERMIT,FRED_HOUST,FRED_COMPUTSA,SAAR,12.0
1985-08-01,1808,1743,1685,150.66666666666666,145.25,140.41666666666666,10.25,4.833333333333343,123,58,0.9319690265486725,0.9640486725663717,-1752.0000000000002,cumulative flow proxy,FRED_PERMIT,FRED_HOUST,FRED_COMPUTSA,SAAR,12.0
1985-09-01,1916,1676,1806,159.66666666666666,139.66666666666666,150.5,9.166666666666657,-10.833333333333343,110,-130,0.94258872651357,0.8747390396659708,-1742.8333333333335,cumulative flow proxy,FRED_PERMIT,FRED_HOUST,FRED_COMPUTSA,SAAR,12.0
1985-10-01,1743,1834,1565,145.25,152.83333333333334,130.41666666666666,14.833333333333343,22.416666666666686,178,269,0.897877223178428,1.0522088353413654,-1728.0000000000002,cumulative flow proxy,FRED_PERMIT,FRED_HOUST,FRED_COMPUTSA,SAAR,12.0
1985-11-01,1692,1698,1749,141.0,141.5,145.75,-4.75,-4.25,-57,-51,1.0336879432624113,1.00354609929078,-1732.7500000000002,cumulative flow proxy,FRED_PERMIT,FRED_HOUST,FRED_COMPUTSA,SAAR,12.0
1985-12-01,1794,1942,1732,149.5,161.83333333333334,144.33333333333334,5.166666666666657,17.5,62,210,0.9654403567447045,1.0824972129319956,-1727.5833333333335,cumulative flow proxy,FRED_PERMIT,FRED_HOUST,FRED_COMPUTSA,SAAR,12.0
1986-01-01,1847,1972,1723,153.91666666666666,164.33333333333334,143.58333333333334,10.333333333333314,20.75,124,249,0.9328641039523552,1.067677314564158,-1717.2500000000002,cumulative flow proxy,FRED_PERMIT,FRED_HOUST,FRED_COMPUTSA,SAAR,12.0
1986-02-01,1767,1848,1753,147.25,154.0,146.08333333333334,1.1666666666666572,7.916666666666657,14,95,0.9920769666100736,1.0458404074702887,-1716.0833333333335,cumulative flow proxy,FRED_PERMIT,FRED_HOUST,FRED_COMPUTSA,SAAR,12.0
1986-03-01,1780,1876,1756,148.33333333333334,156.33333333333334,146.33333333333334,2.0,10.0,24,120,0.9865168539325843,1.053932584269663,-1714.0833333333335,cumulative flow proxy,FRED_PERMIT,FRED_HOUST,FRED_COMPUTSA,SAAR,12.0
1986-04-01,1858,1933,1685,154.83333333333334,161.08333333333334,140.41666666666666,14.416666666666686,20.666666666666686,173,248,0.9068891280947255,1.0403659849300322,-1699.6666666666667,cumulative flow proxy,FRED_PERMIT,FRED_HOUST,FRED_COMPUTSA,SAAR,12.0
1986-05-01,1797,1854,1833,149.75,154.5,152.75,-3.0,1.75,-36,21,1.020033388981636,1.0317195325542572,-1702.6666666666667,cumulative flow proxy,FRED_PERMIT,FRED_HOUST,FRED_COMPUTSA,SAAR,12.0
1986-06-01,1790,1847,1672,149.16666666666666,153.91666666666666,139.33333333333334,9.833333333333314,14.583333333333314,118,175,0.9340782122905028,1.0318435754189945,-1692.8333333333335,cumulative flow proxy,FRED_PERMIT,FRED_HOUST,FRED_COMPUTSA,SAAR,12.0
1986-07-01,1780,1782,1722,148.33333333333334,148.5,143.5,4.833333333333343,5.0,58,60,0.9674157303370786,1.001123595505618,-1688.0000000000002,cumulative flow proxy,FRED_PERMIT,FRED_HOUST,FRED_COMPUTSA,SAAR,12.0
1986-08-01,1726,1807,1763,143.83333333333334,150.58333333333334,146.91666666666666,-3.0833333333333144,3.6666666666666856,-37,44,1.0214368482039398,1.0469293163383546,-1691.0833333333335,cumulative flow proxy,FRED_PERMIT,FRED_HOUST,FRED_COMPUTSA,SAAR,12.0
1986-09-01,1686,1687,1732,140.5,140.58333333333334,144.33333333333334,-3.833333333333343,-3.75,-46,-45,1.0272835112692764,1.0005931198102016,-1694.9166666666667,cumulative flow proxy,FRED_PERMIT,FRED_HOUST,FRED_COMPUTSA,SAAR,12.0
1986-10-01,1675,1681,1782,139.58333333333334,140.08333333333334,148.5,-8.916666666666657,-8.416666666666657,-107,-101,1.0638805970149254,1.0035820895522387,-1703.8333333333335,cumulative flow proxy,FRED_PERMIT,FRED_HOUST,FRED_COMPUTSA,SAAR,12.0
1986-11-01,1644,1623,1793,137.0,135.25,149.41666666666666,-12.416666666666657,-14.166666666666657,-149,-170,1.090632603406326,0.9872262773722628,-1716.2500000000002,cumulative flow proxy,FRED_PERMIT,FRED_HOUST,FRED_COMPUTSA,SAAR,12.0
1986-12-01,1903,1833,1840,158.58333333333334,152.75,153.33333333333334,5.25,-0.5833333333333428,63,-7,0.9668943772990016,0.9632159747766684,-1711.0000000000002,cumulative flow proxy,FRED_PERMIT,FRED_HOUST,FRED_COMPUTSA,SAAR,12.0
1987-01-01,1690,1774,1862,140.83333333333334,147.83333333333334,155.16666666666666,-14.333333333333314,-7.333333333333314,-172,-88,1.1017751479289941,1.0497041420118343,-1725.3333333333335,cumulative flow proxy,FRED_PERMIT,FRED_HOUST,FRED_COMPUTSA,SAAR,12.0
1987-02-01,1689,1784,1771,140.75,148.66666666666666,147.58333333333334,-6.833333333333343,1.0833333333333144,-82,13,1.0485494375370041,1.0562462995855535,-1732.1666666666667,cumulative flow proxy,FRED_PERMIT,FRED_HOUST,FRED_COMPUTSA,SAAR,12.0
1987-03-01,1704,1726,1694,142.0,143.83333333333334,141.16666666666666,0.8333333333333428,2.6666666666666856,10,32,0.994131455399061,1.0129107981220657,-1731.3333333333335,cumulative flow proxy,FRED_PERMIT,FRED_HOUST,FRED_COMPUTSA,SAAR,12.0
1987-04-01,1601,1614,1735,133.41666666666666,134.5,144.58333333333334,-11.166666666666686,-10.083333333333343,-134,-121,1.0836976889444097,1.0081199250468458,-1742.5000000000002,cumulative flow proxy,FRED_PERMIT,FRED_HOUST,FRED_COMPUTSA,SAAR,12.0
1987-05-01,1500,1628,1713,125.0,135.66666666666666,142.75,-17.75,-7.083333333333343,-213,-85,1.142,1.0853333333333333,-1760.2500000000002,cumulative flow proxy,FRED_PERMIT,FRED_HOUST,FRED_COMPUTSA,SAAR,12.0
1987-06-01,1522,1594,1635,126.83333333333333,132.83333333333334,136.25,-9.416666666666671,-3.416666666666657,-113,-41,1.0742444152431012,1.0473061760840998,-1769.666666666667,cumulative flow proxy,FRED_PERMIT,FRED_HOUST,FRED_COMPUTSA,SAAR,12.0
1987-07-01,1516,1575,1685,126.33333333333333,131.25,140.41666666666666,-14.083333333333329,-9.166666666666657,-169,-110,1.1114775725593669,1.0389182058047493,-1783.7500000000002,cumulative flow proxy,FRED_PERMIT,FRED_HOUST,FRED_COMPUTSA,SAAR,12.0
1987-08-01,1511,1605,1624,125.91666666666667,133.75,135.33333333333334,-9.416666666666671,-1.5833333333333428,-113,-19,1.0747849106551952,1.0622104566512243,-1793.166666666667,cumulative flow proxy,FRED_PERMIT,FRED_HOUST,FRED_COMPUTSA,SAAR,12.0
1987-09-01,1514,1695,1587,126.16666666666667,141.25,132.25,-6.083333333333329,9.0,-73,108,1.048216644649934,1.119550858652576,-1799.2500000000002,cumulative flow proxy,FRED_PERMIT,FRED_HOUST,FRED_COMPUTSA,SAAR,12.0
1987-10-01,1447,1515,1577,120.58333333333333,126.25,131.41666666666666,-10.833333333333329,-5.166666666666657,-130,-62,1.0898410504492053,1.046993780234969,-1810.0833333333335,cumulative flow proxy,FRED_PERMIT,FRED_HOUST,FRED_COMPUTSA,SAAR,12.0
1987-11-01,1457,1656,1578,121.41666666666667,138.0,131.5,-10.083333333333329,6.5,-121,78,1.0830473575840769,1.1365820178448867,-1820.1666666666667,cumulative flow proxy,FRED_PERMIT,FRED_HOUST,FRED_COMPUTSA,SAAR,12.0
1987-12-01,1345,1400,1632,112.08333333333333,116.66666666666667,136.0,-23.91666666666667,-19.33333333333333,-287,-232,1.2133828996282527,1.0408921933085502,-1844.0833333333335,cumulative flow proxy,FRED_PERMIT,FRED_HOUST,FRED_COMPUTSA,SAAR,12.0
1988-01-01,1244,1271,1554,103.66666666666667,105.91666666666667,129.5,-25.83333333333333,-23.58333333333333,-310,-283,1.2491961414790997,1.0217041800643087,-1869.9166666666667,cumulative flow proxy,FRED_PERMIT,FRED_HOUST,FRED_COMPUTSA,SAAR,12.0
1988-02-01,1438,1473,1450,119.83333333333333,122.75,120.83333333333333,-1.0,1.9166666666666714,-12,23,1.0083449235048678,1.0243393602225312,-1870.9166666666667,cumulative flow proxy,FRED_PERMIT,FRED_HOUST,FRED_COMPUTSA,SAAR,12.0
1988-03-01,1525,1532,1600,127.08333333333333,127.66666666666667,133.33333333333334,-6.250000000000014,-5.666666666666671,-75,-68,1.0491803278688525,1.0045901639344261,-1877.1666666666667,cumulative flow proxy,FRED_PERMIT,FRED_HOUST,FRED_COMPUTSA,SAAR,12.0
1988-04-01,1429,1573,1615,119.08333333333333,131.08333333333334,134.58333333333334,-15.500000000000014,-3.5,-186,-42,1.1301609517144857,1.1007697690692793,-1892.6666666666667,cumulative flow proxy,FRED_PERMIT,FRED_HOUST,FRED_COMPUTSA,SAAR,12.0
1988-05-01,1444,1421,1483,120.33333333333333,118.41666666666667,123.58333333333333,-3.25,-5.166666666666657,-39,-62,1.0270083102493075,0.9840720221606648,-1895.9166666666667,cumulative flow proxy,FRED_PERMIT,FRED_HOUST,FRED_COMPUTSA,SAAR,12.0
1988-06-01,1485,1478,1512,123.75,123.16666666666667,126.0,-2.25,-2.8333333333333286,-27,-34,1.018181818181818,0.9952861952861953,-1898.1666666666667,cumulative flow proxy,FRED_PERMIT,FRED_HOUST,FRED_COMPUTSA,SAAR,12.0
1988-07-01,1439,1467,1527,119.91666666666667,122.25,127.25,-7.333333333333329,-5.0,-88,-60,1.0611535788742181,1.019457956914524,-1905.5,cumulative flow proxy,FRED_PERMIT,FRED_HOUST,FRED_COMPUTSA,SAAR,12.0
1988-08-01,1460,1493,1551,121.66666666666667,124.41666666666667,129.25,-7.583333333333329,-4.833333333333329,-91,-58,1.0623287671232877,1.0226027397260273,-1913.0833333333333,cumulative flow proxy,FRED_PERMIT,FRED_HOUST,FRED_COMPUTSA,SAAR,12.0
1988-09-01,1436,1492,1531,119.66666666666667,124.33333333333333,127.58333333333333,-7.916666666666657,-3.25,-95,-39,1.0661559888579386,1.0389972144846797,-1921.0,cumulative flow proxy,FRED_PERMIT,FRED_HOUST,FRED_COMPUTSA,SAAR,12.0
1988-10-01,1516,1522,1529,126.33333333333333,126.83333333333333,127.41666666666667,-1.0833333333333428,-0.5833333333333428,-13,-7,1.0085751978891822,1.0039577836411608,-1922.0833333333333,cumulative flow proxy,FRED_PERMIT,FRED_HOUST,FRED_COMPUTSA,SAAR,12.0
1988-11-01,1508,1569,1407,125.66666666666667,130.75,117.25,8.416666666666671,13.5,101,162,0.9330238726790451,1.040450928381963,-1913.6666666666665,cumulative flow proxy,FRED_PERMIT,FRED_HOUST,FRED_COMPUTSA,SAAR,12.0
1988-12-01,1501,1563,1547,125.08333333333333,130.25,128.91666666666666,-3.8333333333333286,1.3333333333333428,-46,16,1.0306462358427715,1.0413057961359093,-1917.4999999999998,cumulative flow proxy,FRED_PERMIT,FRED_HOUST,FRED_COMPUTSA,SAAR,12.0
1989-01-01,1466,1621,1561,122.16666666666667,135.08333333333334,130.08333333333334,-7.916666666666671,5.0,-95,60,1.0648021828103684,1.1057298772169168,-1925.4166666666665,cumulative flow proxy,FRED_PERMIT,FRED_HOUST,FRED_COMPUTSA,SAAR,12.0
1989-02-01,1383,1425,1597,115.25,118.75,133.08333333333334,-17.833333333333343,-14.333333333333343,-214,-172,1.1547360809833696,1.0303687635574836,-1943.2499999999998,cumulative flow proxy,FRED_PERMIT,FRED_HOUST,FRED_COMPUTSA,SAAR,12.0
1989-03-01,1214,1422,1442,101.16666666666667,118.5,120.16666666666667,-19.0,-1.6666666666666714,-228,-20,1.187808896210873,1.171334431630972,-1962.2499999999998,cumulative flow proxy,FRED_PERMIT,FRED_HOUST,FRED_COMPUTSA,SAAR,12.0
1989-04-01,1376,1339,1542,114.66666666666667,111.58333333333333,128.5,-13.833333333333329,-16.91666666666667,-166,-203,1.120639534883721,0.9731104651162791,-1976.083333333333,cumulative flow proxy,FRED_PERMIT,FRED_HOUST,FRED_COMPUTSA,SAAR,12.0
1989-05-01,1381,1331,1449,115.08333333333333,110.91666666666667,120.75,-5.666666666666671,-9.833333333333329,-68,-118,1.0492396813902969,0.9637943519188994,-1981.7499999999998,cumulative flow proxy,FRED_PERMIT,FRED_HOUST,FRED_COMPUTSA,SAAR,12.0
1989-06-01,1322,1397,1346,110.16666666666667,116.41666666666667,112.16666666666667,-2.0,4.25,-24,51,1.0181543116490166,1.0567322239031771,-1983.7499999999998,cumulative flow proxy,FRED_PERMIT,FRED_HOUST,FRED_COMPUTSA,SAAR,12.0
1989-07-01,1283,1427,1386,106.91666666666667,118.91666666666667,115.5,-8.583333333333329,3.4166666666666714,-103,41,1.0802805923616523,1.1122369446609508,-1992.333333333333,cumulative flow proxy,FRED_PERMIT,FRED_HOUST,FRED_COMPUTSA,SAAR,12.0
1989-08-01,1334,1332,1429,111.16666666666667,111.0,119.08333333333333,-7.916666666666657,-8.083333333333329,-95,-97,1.0712143928035982,0.9985007496251874,-2000.2499999999998,cumulative flow proxy,FRED_PERMIT,FRED_HOUST,FRED_COMPUTSA,SAAR,12.0
1989-09-01,1314,1279,1338,109.5,106.58333333333333,111.5,-2.0,-4.916666666666671,-24,-59,1.0182648401826484,0.9733637747336378,-2002.2499999999998,cumulative flow proxy,FRED_PERMIT,FRED_HOUST,FRED_COMPUTSA,SAAR,12.0
1989-10-01,1365,1410,1333,113.75,117.5,111.08333333333333,2.6666666666666714,6.416666666666671,32,77,0.9765567765567765,1.032967032967033,-1999.583333333333,cumulative flow proxy,FRED_PERMIT,FRED_HOUST,FRED_COMPUTSA,SAAR,12.0
1989-11-01,1344,1351,1475,112.0,112.58333333333333,122.91666666666667,-10.916666666666671,-10.333333333333343,-131,-124,1.0974702380952381,1.0052083333333333,-2010.4999999999998,cumulative flow proxy,FRED_PERMIT,FRED_HOUST,FRED_COMPUTSA,SAAR,12.0
1989-12-01,1422,1251,1304,118.5,104.25,108.66666666666667,9.833333333333329,-4.416666666666671,118,-53,0.9170182841068917,0.879746835443038,-2000.6666666666665,cumulative flow proxy,FRED_PERMIT,FRED_HOUST,FRED_COMPUTSA,SAAR,12.0
1990-01-01,1748,1551,1508,145.66666666666666,129.25,125.66666666666667,19.999999999999986,3.5833333333333286,240,43,0.8627002288329519,0.8872997711670481,-1980.6666666666665,cumulative flow proxy,FRED_PERMIT,FRED_HOUST,FRED_COMPUTSA,SAAR,12.0
1990-02-01,1329,1437,1352,110.75,119.75,112.66666666666667,-1.9166666666666714,7.083333333333329,-23,85,1.017306245297216,1.0812641083521444,-1982.5833333333333,cumulative flow proxy,FRED_PERMIT,FRED_HOUST,FRED_COMPUTSA,SAAR,12.0
1990-03-01,1246,1289,1345,103.83333333333333,107.41666666666667,112.08333333333333,-8.25,-4.666666666666657,-99,-56,1.079454253611557,1.0345104333868378,-1990.8333333333333,cumulative flow proxy,FRED_PERMIT,FRED_HOUST,FRED_COMPUTSA,SAAR,12.0
1990-04-01,1136,1248,1332,94.66666666666667,104.0,111.0,-16.33333333333333,-7.0,-196,-84,1.1725352112676057,1.0985915492957747,-2007.1666666666665,cumulative flow proxy,FRED_PERMIT,FRED_HOUST,FRED_COMPUTSA,SAAR,12.0
1990-05-01,1067,1212,1351,88.91666666666667,101.0,112.58333333333333,-23.666666666666657,-11.583333333333329,-284,-139,1.2661668228678538,1.1358950328022492,-2030.8333333333333,cumulative flow proxy,FRED_PERMIT,FRED_HOUST,FRED_COMPUTSA,SAAR,12.0
1990-06-01,1108,1177,1263,92.33333333333333,98.08333333333333,105.25,-12.916666666666671,-7.166666666666671,-155,-86,1.1398916967509025,1.062274368231047,-2043.75,cumulative flow proxy,FRED_PERMIT,FRED_HOUST,FRED_COMPUTSA,SAAR,12.0
1990-07-01,1078,1171,1295,89.83333333333333,97.58333333333333,107.91666666666667,-18.083333333333343,-10.333333333333343,-217,-124,1.2012987012987013,1.0862708719851577,-2061.8333333333335,cumulative flow proxy,FRED_PERMIT,FRED_HOUST,FRED_COMPUTSA,SAAR,12.0
1990-08-01,1069,1115,1307,89.08333333333333,92.91666666666667,108.91666666666667,-19.833333333333343,-16.0,-238,-192,1.2226379794200186,1.0430308699719364,-2081.666666666667,cumulative flow proxy,FRED_PERMIT,FRED_HOUST,FRED_COMPUTSA,SAAR,12.0
1990-09-01,976,1110,1312,81.33333333333333,92.5,109.33333333333333,-28.0,-16.83333333333333,-336,-202,1.3442622950819672,1.1372950819672132,-2109.666666666667,cumulative flow proxy,FRED_PERMIT,FRED_HOUST,FRED_COMPUTSA,SAAR,12.0
1990-10-01,925,1014,1282,77.08333333333333,84.5,106.83333333333333,-29.75,-22.33333333333333,-357,-268,1.385945945945946,1.0962162162162161,-2139.416666666667,cumulative flow proxy,FRED_PERMIT,FRED_HOUST,FRED_COMPUTSA,SAAR,12.0
1990-11-01,941,1145,1248,78.41666666666667,95.41666666666667,104.0,-25.58333333333333,-8.583333333333329,-307,-103,1.3262486716259299,1.2167906482465463,-2165.0000000000005,cumulative flow proxy,FRED_PERMIT,FRED_HOUST,FRED_COMPUTSA,SAAR,12.0
1990-12-01,861,969,1173,71.75,80.75,97.75,-26.0,-17.0,-312,-204,1.362369337979094,1.1254355400696865,-2191.0000000000005,cumulative flow proxy,FRED_PERMIT,FRED_HOUST,FRED_COMPUTSA,SAAR,12.0
1991-01-01,786,798,1149,65.5,66.5,95.75,-30.25,-29.25,-363,-351,1.4618320610687023,1.015267175572519,-2221.2500000000005,cumulative flow proxy,FRED_PERMIT,FRED_HOUST,FRED_COMPUTSA,SAAR,12.0
1991-02-01,853,965,1090,71.08333333333333,80.41666666666667,90.83333333333333,-19.75,-10.416666666666657,-237,-125,1.2778429073856976,1.1313012895662369,-2241.0000000000005,cumulative flow proxy,FRED_PERMIT,FRED_HOUST,FRED_COMPUTSA,SAAR,12.0
1991-03-01,911,921,1176,75.91666666666667,76.75,98.0,-22.08333333333333,-21.25,-265,-255,1.2908891328210756,1.0109769484083424,-2263.083333333334,cumulative flow proxy,FRED_PERMIT,FRED_HOUST,FRED_COMPUTSA,SAAR,12.0
1991-04-01,916,1001,1093,76.33333333333333,83.41666666666667,91.08333333333333,-14.75,-7.666666666666657,-177,-92,1.193231441048035,1.0927947598253276,-2277.833333333334,cumulative flow proxy,FRED_PERMIT,FRED_HOUST,FRED_COMPUTSA,SAAR,12.0
1991-05-01,991,996,1070,82.58333333333333,83.0,89.16666666666667,-6.583333333333343,-6.166666666666671,-79,-74,1.0797174571140262,1.0050454086781029,-2284.4166666666674,cumulative flow proxy,FRED_PERMIT,FRED_HOUST,FRED_COMPUTSA,SAAR,12.0
1991-06-01,964,1036,1093,80.33333333333333,86.33333333333333,91.08333333333333,-10.75,-4.75,-129,-57,1.133817427385892,1.0746887966804979,-2295.1666666666674,cumulative flow proxy,FRED_PERMIT,FRED_HOUST,FRED_COMPUTSA,SAAR,12.0
1991-07-01,973,1063,1076,81.08333333333333,88.58333333333333,89.66666666666667,-8.583333333333343,-1.0833333333333428,-103,-13,1.1058581706063721,1.092497430626927,-2303.750000000001,cumulative flow proxy,FRED_PERMIT,FRED_HOUST,FRED_COMPUTSA,SAAR,12.0
1991-08-01,944,1049,1050,78.66666666666667,87.41666666666667,87.5,-8.833333333333329,-0.0833333333333286,-106,-1,1.1122881355932204,1.111228813559322,-2312.5833333333344,cumulative flow proxy,FRED_PERMIT,FRED_HOUST,FRED_COMPUTSA,SAAR,12.0
1991-09-01,974,1015,1216,81.16666666666667,84.58333333333333,101.33333333333333,-20.166666666666657,-16.75,-242,-201,1.2484599589322383,1.042094455852156,-2332.750000000001,cumulative flow proxy,FRED_PERMIT,FRED_HOUST,FRED_COMPUTSA,SAAR,12.0
1991-10-01,991,1079,1076,82.58333333333333,89.91666666666667,89.66666666666667,-7.083333333333343,0.25,-85,3,1.0857719475277496,1.0887991927346115,-2339.8333333333344,cumulative flow proxy,FRED_PERMIT,FRED_HOUST,FRED_COMPUTSA,SAAR,12.0
1991-11-01,984,1103,1013,82.0,91.91666666666667,84.41666666666667,-2.4166666666666714,7.5,-29,90,1.0294715447154472,1.1209349593495934,-2342.250000000001,cumulative flow proxy,FRED_PERMIT,FRED_HOUST,FRED_COMPUTSA,SAAR,12.0
1991-12-01,1061,1079,1002,88.41666666666667,89.91666666666667,83.5,4.916666666666671,6.416666666666671,59,77,0.944392082940622,1.0169651272384543,-2337.3333333333344,cumulative flow proxy,FRED_PERMIT,FRED_HOUST,FRED_COMPUTSA,SAAR,12.0
1992-01-01,1077,1176,1061,89.75,98.0,88.41666666666667,1.3333333333333286,9.583333333333329,16,115,0.9851439182915506,1.0919220055710306,-2336.000000000001,cumulative flow proxy,FRED_PERMIT,FRED_HOUST,FRED_COMPUTSA,SAAR,12.0
1992-02-01,1146,1250,1098,95.5,104.16666666666667,91.5,4.0,12.666666666666671,48,152,0.9581151832460733,1.0907504363001745,-2332.000000000001,cumulative flow proxy,FRED_PERMIT,FRED_HOUST,FRED_COMPUTSA,SAAR,12.0
1992-03-01,1082,1297,1128,90.16666666666667,108.08333333333333,94.0,-3.8333333333333286,14.083333333333329,-46,169,1.0425138632162663,1.198706099815157,-2335.8333333333344,cumulative flow proxy,FRED_PERMIT,FRED_HOUST,FRED_COMPUTSA,SAAR,12.0
1992-04-01,1054,1099,1083,87.83333333333333,91.58333333333333,90.25,-2.4166666666666714,1.3333333333333286,-29,16,1.0275142314990513,1.0426944971537002,-2338.250000000001,cumulative flow proxy,FRED_PERMIT,FRED_HOUST,FRED_COMPUTSA,SAAR,12.0
1992-05-01,1056,1214,1187,88.0,101.16666666666667,98.91666666666667,-10.916666666666671,2.25,-131,27,1.1240530303030303,1.1496212121212122,-2349.1666666666674,cumulative flow proxy,FRED_PERMIT,FRED_HOUST,FRED_COMPUTSA,SAAR,12.0
1992-06-01,1057,1145,1189,88.08333333333333,95.41666666666667,99.08333333333333,-11.0,-3.666666666666657,-132,-44,1.1248817407757805,1.0832544938505204,-2360.1666666666674,cumulative flow proxy,FRED_PERMIT,FRED_HOUST,FRED_COMPUTSA,SAAR,12.0
1992-07-01,1089,1139,1251,90.75,94.91666666666667,104.25,-13.5,-9.333333333333329,-162,-112,1.1487603305785123,1.0459136822773187,-2373.6666666666674,cumulative flow proxy,FRED_PERMIT,FRED_HOUST,FRED_COMPUTSA,SAAR,12.0
1992-08-01,1075,1226,1140,89.58333333333333,102.16666666666667,95.0,-5.416666666666671,7.166666666666671,-65,86,1.0604651162790697,1.1404651162790698,-2379.083333333334,cumulative flow proxy,FRED_PERMIT,FRED_HOUST,FRED_COMPUTSA,SAAR,12.0
1992-09-01,1114,1186,1123,92.83333333333333,98.83333333333333,93.58333333333333,-0.75,5.25,-9,63,1.0080789946140036,1.0646319569120288,-2379.833333333334,cumulative flow proxy,FRED_PERMIT,FRED_HOUST,FRED_COMPUTSA,SAAR,12.0
1992-10-01,1132,1244,1139,94.33333333333333,103.66666666666667,94.91666666666667,-0.5833333333333428,8.75,-7,105,1.006183745583039,1.098939929328622,-2380.4166666666674,cumulative flow proxy,FRED_PERMIT,FRED_HOUST,FRED_COMPUTSA,SAAR,12.0
1992-11-01,1118,1214,1224,93.16666666666667,101.16666666666667,102.0,-8.833333333333329,-0.8333333333333286,-106,-10,1.0948121645796065,1.0858676207513416,-2389.250000000001,cumulative flow proxy,FRED_PERMIT,FRED_HOUST,FRED_COMPUTSA,SAAR,12.0
1992-12-01,1176,1227,1199,98.0,102.25,99.91666666666667,-1.9166666666666714,2.3333333333333286,-23,28,1.0195578231292517,1.0433673469387754,-2391.1666666666674,cumulative flow proxy,FRED_PERMIT,FRED_HOUST,FRED_COMPUTSA,SAAR,12.0
1993-01-01,1177,1210,1135,98.08333333333333,100.83333333333333,94.58333333333333,3.5,6.25,42,75,0.9643160577740016,1.02803738317757,-2387.6666666666674,cumulative flow proxy,FRED_PERMIT,FRED_HOUST,FRED_COMPUTSA,SAAR,12.0
1993-02-01,1148,1210,1236,95.66666666666667,100.83333333333333,103.0,-7.333333333333329,-2.1666666666666714,-88,-26,1.0766550522648084,1.0540069686411149,-2395.000000000001,cumulative flow proxy,FRED_PERMIT,FRED_HOUST,FRED_COMPUTSA,SAAR,12.0
1993-03-01,1056,1083,1105,88.0,90.25,92.08333333333333,-4.083333333333329,-1.8333333333333286,-49,-22,1.0464015151515151,1.0255681818181819,-2399.0833333333344,cumulative flow proxy,FRED_PERMIT,FRED_HOUST,FRED_COMPUTSA,SAAR,12.0
1993-04-01,1104,1258,1216,92.0,104.83333333333333,101.33333333333333,-9.333333333333329,3.5,-112,42,1.1014492753623188,1.1394927536231885,-2408.416666666668,cumulative flow proxy,FRED_PERMIT,FRED_HOUST,FRED_COMPUTSA,SAAR,12.0
1993-05-01,1112,1260,1111,92.66666666666667,105.0,92.58333333333333,0.08333333333334281,12.416666666666671,1,149,0.9991007194244604,1.1330935251798562,-2408.3333333333344,cumulative flow proxy,FRED_PERMIT,FRED_HOUST,FRED_COMPUTSA,SAAR,12.0
1993-06-01,1130,1280,1193,94.16666666666667,106.66666666666667,99.41666666666667,-5.25,7.25,-63,87,1.0557522123893806,1.1327433628318584,-2413.5833333333344,cumulative flow proxy,FRED_PERMIT,FRED_HOUST,FRED_COMPUTSA,SAAR,12.0
1993-07-01,1174,1254,1090,97.83333333333333,104.5,90.83333333333333,7.0,13.666666666666671,84,164,0.9284497444633731,1.0681431005110733,-2406.5833333333344,cumulative flow proxy,FRED_PERMIT,FRED_HOUST,FRED_COMPUTSA,SAAR,12.0
1993-08-01,1230,1300,1264,102.5,108.33333333333333,105.33333333333333,-2.8333333333333286,3.0,-34,36,1.0276422764227642,1.056910569105691,-2409.416666666668,cumulative flow proxy,FRED_PERMIT,FRED_HOUST,FRED_COMPUTSA,SAAR,12.0
1993-09-01,1251,1343,1172,104.25,111.91666666666667,97.66666666666667,6.583333333333329,14.25,79,171,0.9368505195843325,1.0735411670663468,-2402.8333333333344,cumulative flow proxy,FRED_PERMIT,FRED_HOUST,FRED_COMPUTSA,SAAR,12.0
1993-10-01,1287,1392,1246,107.25,116.0,103.83333333333333,3.4166666666666714,12.166666666666671,41,146,0.9681429681429682,1.0815850815850816,-2399.416666666668,cumulative flow proxy,FRED_PERMIT,FRED_HOUST,FRED_COMPUTSA,SAAR,12.0
1993-11-01,1357,1376,1235,113.08333333333333,114.66666666666667,102.91666666666667,10.166666666666657,11.75,122,141,0.9100957995578481,1.0140014738393515,-2389.2500000000014,cumulative flow proxy,FRED_PERMIT,FRED_HOUST,FRED_COMPUTSA,SAAR,12.0
1993-12-01,1461,1533,1289,121.75,127.75,107.41666666666667,14.333333333333329,20.33333333333333,172,244,0.8822724161533196,1.0492813141683779,-2374.916666666668,cumulative flow proxy,FRED_PERMIT,FRED_HOUST,FRED_COMPUTSA,SAAR,12.0
1994-01-01,1390,1272,1228,115.83333333333333,106.0,102.33333333333333,13.5,3.6666666666666714,162,44,0.883453237410072,0.9151079136690647,-2361.416666666668,cumulative flow proxy,FRED_PERMIT,FRED_HOUST,FRED_COMPUTSA,SAAR,12.0
1994-02-01,1269,1337,1353,105.75,111.41666666666667,112.75,-7.0,-1.3333333333333286,-84,-16,1.066193853427896,1.053585500394011,-2368.416666666668,cumulative flow proxy,FRED_PERMIT,FRED_HOUST,FRED_COMPUTSA,SAAR,12.0
1994-03-01,1342,1564,1257,111.83333333333333,130.33333333333334,104.75,7.083333333333329,25.583333333333343,85,307,0.936661698956781,1.165424739195231,-2361.3333333333344,cumulative flow proxy,FRED_PERMIT,FRED_HOUST,FRED_COMPUTSA,SAAR,12.0
1994-04-01,1392,1465,1374,116.0,122.08333333333333,114.5,1.5,7.583333333333329,18,91,0.9870689655172413,1.0524425287356323,-2359.8333333333344,cumulative flow proxy,FRED_PERMIT,FRED_HOUST,FRED_COMPUTSA,SAAR,12.0
1994-05-01,1396,1526,1430,116.33333333333333,127.16666666666667,119.16666666666667,-2.833333333333343,8.0,-34,96,1.024355300859599,1.0931232091690544,-2362.666666666668,cumulative flow proxy,FRED_PERMIT,FRED_HOUST,FRED_COMPUTSA,SAAR,12.0
1994-06-01,1357,1409,1336,113.08333333333333,117.41666666666667,111.33333333333333,1.75,6.083333333333343,21,73,0.9845246868091379,1.0383198231392778,-2360.916666666668,cumulative flow proxy,FRED_PERMIT,FRED_HOUST,FRED_COMPUTSA,SAAR,12.0
1994-07-01,1335,1439,1281,111.25,119.91666666666667,106.75,4.5,13.166666666666671,54,158,0.9595505617977528,1.0779026217228465,-2356.416666666668,cumulative flow proxy,FRED_PERMIT,FRED_HOUST,FRED_COMPUTSA,SAAR,12.0
1994-08-01,1377,1450,1348,114.75,120.83333333333333,112.33333333333333,2.4166666666666714,8.5,29,102,0.9789397240377633,1.0530137981118373,-2354.0000000000014,cumulative flow proxy,FRED_PERMIT,FRED_HOUST,FRED_COMPUTSA,SAAR,12.0
1994-09-01,1412,1474,1414,117.66666666666667,122.83333333333333,117.83333333333333,-0.1666666666666572,5.0,-2,60,1.001416430594901,1.0439093484419264,-2354.166666666668,cumulative flow proxy,FRED_PERMIT,FRED_HOUST,FRED_COMPUTSA,SAAR,12.0
1994-10-01,1397,1450,1378,116.41666666666667,120.83333333333333,114.83333333333333,1.5833333333333428,6.0,19,72,0.9863994273443092,1.0379384395132427,-2352.5833333333344,cumulative flow proxy,FRED_PERMIT,FRED_HOUST,FRED_COMPUTSA,SAAR,12.0
1994-11-01,1340,1511,1365,111.66666666666667,125.91666666666667,113.75,-2.0833333333333286,12.166666666666671,-25,146,1.0186567164179106,1.1276119402985074,-2354.666666666668,cumulative flow proxy,FRED_PERMIT,FRED_HOUST,FRED_COMPUTSA,SAAR,12.0
1994-12-01,1396,1455,1386,116.33333333333333,121.25,115.5,0.8333333333333286,5.75,10,69,0.9928366762177651,1.0422636103151863,-2353.8333333333344,cumulative flow proxy,FRED_PERMIT,FRED_HOUST,FRED_COMPUTSA,SAAR,12.0
1995-01-01,1282,1407,1423,106.83333333333333,117.25,118.58333333333333,-11.75,-1.3333333333333286,-141,-16,1.109984399375975,1.0975039001560063,-2365.5833333333344,cumulative flow proxy,FRED_PERMIT,FRED_HOUST,FRED_COMPUTSA,SAAR,12.0
1995-02-01,1254,1316,1294,104.5,109.66666666666667,107.83333333333333,-3.3333333333333286,1.8333333333333428,-40,22,1.0318979266347688,1.0494417862838916,-2368.916666666668,cumulative flow proxy,FRED_PERMIT,FRED_HOUST,FRED_COMPUTSA,SAAR,12.0
1995-03-01,1226,1249,1413,102.16666666666667,104.08333333333333,117.75,-15.583333333333329,-13.666666666666671,-187,-164,1.1525285481239804,1.0187601957585644,-2384.5000000000014,cumulative flow proxy,FRED_PERMIT,FRED_HOUST,FRED_COMPUTSA,SAAR,12.0
1995-04-01,1259,1267,1342,104.91666666666667,105.58333333333333,111.83333333333333,-6.916666666666657,-6.25,-83,-75,1.0659253375694997,1.0063542494042892,-2391.416666666668,cumulative flow proxy,FRED_PERMIT,FRED_HOUST,FRED_COMPUTSA,SAAR,12.0
1995-05-01,1271,1314,1326,105.91666666666667,109.5,110.5,-4.583333333333329,-1.0,-55,-12,1.043273013375295,1.0338316286388671,-2396.0000000000014,cumulative flow proxy,FRED_PERMIT,FRED_HOUST,FRED_COMPUTSA,SAAR,12.0
1995-06-01,1305,1281,1242,108.75,106.75,103.5,5.25,3.25,63,39,0.9517241379310345,0.9816091954022989,-2390.7500000000014,cumulative flow proxy,FRED_PERMIT,FRED_HOUST,FRED_COMPUTSA,SAAR,12.0
1995-07-01,1354,1461,1352,112.83333333333333,121.75,112.66666666666667,0.1666666666666572,9.083333333333329,2,109,0.9985228951255539,1.0790251107828657,-2390.583333333335,cumulative flow proxy,FRED_PERMIT,FRED_HOUST,FRED_COMPUTSA,SAAR,12.0
1995-08-01,1386,1416,1265,115.5,118.0,105.41666666666667,10.083333333333329,12.583333333333329,121,151,0.9126984126984127,1.0216450216450217,-2380.5000000000014,cumulative flow proxy,FRED_PERMIT,FRED_HOUST,FRED_COMPUTSA,SAAR,12.0
1995-09-01,1421,1369,1279,118.41666666666667,114.08333333333333,106.58333333333333,11.833333333333343,7.5,142,90,0.900070372976777,0.9634060520760028,-2368.666666666668,cumulative flow proxy,FRED_PERMIT,FRED_HOUST,FRED_COMPUTSA,SAAR,12.0
1995-10-01,1400,1369,1335,116.66666666666667,114.08333333333333,111.25,5.416666666666671,2.8333333333333286,65,34,0.9535714285714286,0.9778571428571429,-2363.2500000000014,cumulative flow proxy,FRED_PERMIT,FRED_HOUST,FRED_COMPUTSA,SAAR,12.0
1995-11-01,1430,1452,1360,119.16666666666667,121.0,113.33333333333333,5.833333333333343,7.666666666666671,70,92,0.951048951048951,1.0153846153846153,-2357.416666666668,cumulative flow proxy,FRED_PERMIT,FRED_HOUST,FRED_COMPUTSA,SAAR,12.0
1995-12-01,1442,1431,1200,120.16666666666667,119.25,100.0,20.16666666666667,19.25,242,231,0.8321775312066574,0.992371705963939,-2337.2500000000014,cumulative flow proxy,FRED_PERMIT,FRED_HOUST,FRED_COMPUTSA,SAAR,12.0
1996-01-01,1387,1467,1402,115.58333333333333,122.25,116.83333333333333,-1.25,5.416666666666671,-15,65,1.010814708002884,1.0576784426820476,-2338.5000000000014,cumulative flow proxy,FRED_PERMIT,FRED_HOUST,FRED_COMPUTSA,SAAR,12.0
1996-02-01,1420,1491,1317,118.33333333333333,124.25,109.75,8.583333333333329,14.5,103,174,0.9274647887323944,1.05,-2329.916666666668,cumulative flow proxy,FRED_PERMIT,FRED_HOUST,FRED_COMPUTSA,SAAR,12.0
1996-03-01,1437,1424,1369,119.75,118.66666666666667,114.08333333333333,5.666666666666671,4.583333333333343,68,55,0.9526791927627001,0.9909533750869868,-2324.2500000000014,cumulative flow proxy,FRED_PERMIT,FRED_HOUST,FRED_COMPUTSA,SAAR,12.0
1996-04-01,1463,1516,1327,121.91666666666667,126.33333333333333,110.58333333333333,11.333333333333343,15.75,136,189,0.9070403280929596,1.036226930963773,-2312.916666666668,cumulative flow proxy,FRED_PERMIT,FRED_HOUST,FRED_COMPUTSA,SAAR,12.0
1996-05-01,1457,1504,1423,121.41666666666667,125.33333333333333,118.58333333333333,2.833333333333343,6.75,34,81,0.9766643788606726,1.032258064516129,-2310.0833333333344,cumulative flow proxy,FRED_PERMIT,FRED_HOUST,FRED_COMPUTSA,SAAR,12.0
1996-06-01,1429,1467,1437,119.08333333333333,122.25,119.75,-0.6666666666666714,2.5,-8,30,1.0055983205038488,1.026592022393282,-2310.750000000001,cumulative flow proxy,FRED_PERMIT,FRED_HOUST,FRED_COMPUTSA,SAAR,12.0
1996-07-01,1450,1472,1453,120.83333333333333,122.66666666666667,121.08333333333333,-0.25,1.5833333333333428,-3,19,1.0020689655172415,1.0151724137931035,-2311.000000000001,cumulative flow proxy,FRED_PERMIT,FRED_HOUST,FRED_COMPUTSA,SAAR,12.0
1996-08-01,1413,1557,1468,117.75,129.75,122.33333333333333,-4.583333333333329,7.416666666666671,-55,89,1.0389242745930645,1.1019108280254777,-2315.5833333333344,cumulative flow proxy,FRED_PERMIT,FRED_HOUST,FRED_COMPUTSA,SAAR,12.0
1996-09-01,1392,1475,1379,116.0,122.91666666666667,114.91666666666667,1.0833333333333286,8.0,13,96,0.9906609195402298,1.0596264367816093,-2314.500000000001,cumulative flow proxy,FRED_PERMIT,FRED_HOUST,FRED_COMPUTSA,SAAR,12.0
1996-10-01,1358,1392,1392,113.16666666666667,116.0,116.0,-2.8333333333333286,0.0,-34,0,1.0250368188512518,1.0250368188512518,-2317.3333333333344,cumulative flow proxy,FRED_PERMIT,FRED_HOUST,FRED_COMPUTSA,SAAR,12.0
1996-11-01,1412,1489,1413,117.66666666666667,124.08333333333333,117.75,-0.0833333333333286,6.333333333333329,-1,76,1.0007082152974505,1.0545325779036827,-2317.416666666668,cumulative flow proxy,FRED_PERMIT,FRED_HOUST,FRED_COMPUTSA,SAAR,12.0
1996-12-01,1411,1370,1487,117.58333333333333,114.16666666666667,123.91666666666667,-6.333333333333343,-9.75,-76,-117,1.0538625088589653,0.9709425939050319,-2323.7500000000014,cumulative flow proxy,FRED_PERMIT,FRED_HOUST,FRED_COMPUTSA,SAAR,12.0
1997-01-01,1382,1355,1377,115.16666666666667,112.91666666666667,114.75,0.4166666666666714,-1.8333333333333286,5,-22,0.9963820549927641,0.9804630969609262,-2323.333333333335,cumulative flow proxy,FRED_PERMIT,FRED_HOUST,FRED_COMPUTSA,SAAR,12.0
1997-02-01,1445,1486,1545,120.41666666666667,123.83333333333333,128.75,-8.333333333333329,-4.916666666666671,-100,-59,1.069204152249135,1.0283737024221453,-2331.6666666666683,cumulative flow proxy,FRED_PERMIT,FRED_HOUST,FRED_COMPUTSA,SAAR,12.0
1997-03-01,1436,1457,1445,119.66666666666667,121.41666666666667,120.41666666666667,-0.75,1.0,-9,12,1.006267409470752,1.0146239554317549,-2332.4166666666683,cumulative flow proxy,FRED_PERMIT,FRED_HOUST,FRED_COMPUTSA,SAAR,12.0
1997-04-01,1421,1492,1438,118.41666666666667,124.33333333333333,119.83333333333333,-1.4166666666666572,4.5,-17,54,1.011963406052076,1.0499648135116115,-2333.833333333335,cumulative flow proxy,FRED_PERMIT,FRED_HOUST,FRED_COMPUTSA,SAAR,12.0
1997-05-01,1414,1442,1400,117.83333333333333,120.16666666666667,116.66666666666667,1.1666666666666572,3.5,14,42,0.9900990099009901,1.0198019801980198,-2332.6666666666683,cumulative flow proxy,FRED_PERMIT,FRED_HOUST,FRED_COMPUTSA,SAAR,12.0
1997-06-01,1402,1494,1315,116.83333333333333,124.5,109.58333333333333,7.25,14.916666666666671,87,179,0.9379457917261056,1.065620542082739,-2325.4166666666683,cumulative flow proxy,FRED_PERMIT,FRED_HOUST,FRED_COMPUTSA,SAAR,12.0
1997-07-01,1440,1437,1313,120.0,119.75,109.41666666666667,10.583333333333329,10.333333333333329,127,124,0.9118055555555555,0.9979166666666667,-2314.833333333335,cumulative flow proxy,FRED_PERMIT,FRED_HOUST,FRED_COMPUTSA,SAAR,12.0
1997-08-01,1449,1390,1332,120.75,115.83333333333333,111.0,9.75,4.833333333333329,117,58,0.9192546583850931,0.9592822636300897,-2305.083333333335,cumulative flow proxy,FRED_PERMIT,FRED_HOUST,FRED_COMPUTSA,SAAR,12.0
1997-09-01,1494,1546,1442,124.5,128.83333333333334,120.16666666666667,4.333333333333329,8.666666666666671,52,104,0.965194109772423,1.034805890227577,-2300.7500000000014,cumulative flow proxy,FRED_PERMIT,FRED_HOUST,FRED_COMPUTSA,SAAR,12.0
1997-10-01,1499,1520,1396,124.91666666666667,126.66666666666667,116.33333333333333,8.583333333333343,10.333333333333343,103,124,0.9312875250166778,1.0140093395597065,-2292.166666666668,cumulative flow proxy,FRED_PERMIT,FRED_HOUST,FRED_COMPUTSA,SAAR,12.0
1997-11-01,1469,1510,1420,122.41666666666667,125.83333333333333,118.33333333333333,4.083333333333343,7.5,49,90,0.966643975493533,1.0279101429543906,-2288.0833333333344,cumulative flow proxy,FRED_PERMIT,FRED_HOUST,FRED_COMPUTSA,SAAR,12.0
1997-12-01,1456,1566,1428,121.33333333333333,130.5,119.0,2.3333333333333286,11.5,28,138,0.9807692307692307,1.0755494505494505,-2285.750000000001,cumulative flow proxy,FRED_PERMIT,FRED_HOUST,FRED_COMPUTSA,SAAR,12.0
1998-01-01,1555,1525,1316,129.58333333333334,127.08333333333333,109.66666666666667,19.91666666666667,17.416666666666657,239,209,0.8463022508038586,0.9807073954983923,-2265.8333333333344,cumulative flow proxy,FRED_PERMIT,FRED_HOUST,FRED_COMPUTSA,SAAR,12.0
1998-02-01,1647,1584,1441,137.25,132.0,120.08333333333333,17.16666666666667,11.916666666666671,206,143,0.8749241044323012,0.9617486338797814,-2248.666666666668,cumulative flow proxy,FRED_PERMIT,FRED_HOUST,FRED_COMPUTSA,SAAR,12.0
1998-03-01,1605,1567,1477,133.75,130.58333333333334,123.08333333333333,10.666666666666671,7.500000000000014,128,90,0.9202492211838006,0.9763239875389408,-2238.0000000000014,cumulative flow proxy,FRED_PERMIT,FRED_HOUST,FRED_COMPUTSA,SAAR,12.0
1998-04-01,1547,1540,1498,128.91666666666666,128.33333333333334,124.83333333333333,4.083333333333329,3.500000000000014,49,42,0.9683257918552036,0.995475113122172,-2233.916666666668,cumulative flow proxy,FRED_PERMIT,FRED_HOUST,FRED_COMPUTSA,SAAR,12.0
1998-05-01,1554,1536,1465,129.5,128.0,122.08333333333333,7.416666666666671,5.916666666666671,89,71,0.9427284427284427,0.9884169884169884,-2226.5000000000014,cumulative flow proxy,FRED_PERMIT,FRED_HOUST,FRED_COMPUTSA,SAAR,12.0
1998-06-01,1551,1641,1467,129.25,136.75,122.25,7.0,14.5,84,174,0.9458413926499033,1.058027079303675,-2219.5000000000014,cumulative flow proxy,FRED_PERMIT,FRED_HOUST,FRED_COMPUTSA,SAAR,12.0
1998-07-01,1610,1698,1552,134.16666666666666,141.5,129.33333333333334,4.833333333333314,12.166666666666657,58,146,0.9639751552795031,1.0546583850931677,-2214.666666666668,cumulative flow proxy,FRED_PERMIT,FRED_HOUST,FRED_COMPUTSA,SAAR,12.0
1998-08-01,1654,1614,1521,137.83333333333334,134.5,126.75,11.083333333333343,7.75,133,93,0.9195888754534461,0.9758162031438936,-2203.5833333333344,cumulative flow proxy,FRED_PERMIT,FRED_HOUST,FRED_COMPUTSA,SAAR,12.0
1998-09-01,1577,1582,1452,131.41666666666666,131.83333333333334,121.0,10.416666666666657,10.833333333333343,125,130,0.9207355738744452,1.003170577045022,-2193.166666666668,cumulative flow proxy,FRED_PERMIT,FRED_HOUST,FRED_COMPUTSA,SAAR,12.0
1998-10-01,1719,1715,1452,143.25,142.91666666666666,121.0,22.25,21.916666666666657,267,263,0.8446771378708552,0.997673065735893,-2170.916666666668,cumulative flow proxy,FRED_PERMIT,FRED_HOUST,FRED_COMPUTSA,SAAR,12.0
1998-11-01,1672,1660,1604,139.33333333333334,138.33333333333334,133.66666666666666,5.666666666666686,4.666666666666686,68,56,0.9593301435406698,0.992822966507177,-2165.2500000000014,cumulative flow proxy,FRED_PERMIT,FRED_HOUST,FRED_COMPUTSA,SAAR,12.0
1998-12-01,1742,1792,1433,145.16666666666666,149.33333333333334,119.41666666666667,25.749999999999986,29.91666666666667,309,359,0.822617680826636,1.0287026406429391,-2139.5000000000014,cumulative flow proxy,FRED_PERMIT,FRED_HOUST,FRED_COMPUTSA,SAAR,12.0
1999-01-01,1732,1748,1599,144.33333333333334,145.66666666666666,133.25,11.083333333333343,12.416666666666657,133,149,0.9232101616628176,1.0092378752886837,-2128.416666666668,cumulative flow proxy,FRED_PERMIT,FRED_HOUST,FRED_COMPUTSA,SAAR,12.0
1999-02-01,1720,1670,1459,143.33333333333334,139.16666666666666,121.58333333333333,21.750000000000014,17.58333333333333,261,211,0.8482558139534884,0.9709302325581395,-2106.666666666668,cumulative flow proxy,FRED_PERMIT,FRED_HOUST,FRED_COMPUTSA,SAAR,12.0
1999-03-01,1665,1710,1673,138.75,142.5,139.41666666666666,-0.6666666666666572,3.083333333333343,-8,37,1.0048048048048048,1.027027027027027,-2107.3333333333344,cumulative flow proxy,FRED_PERMIT,FRED_HOUST,FRED_COMPUTSA,SAAR,12.0
1999-04-01,1600,1553,1580,133.33333333333334,129.41666666666666,131.66666666666666,1.6666666666666856,-2.25,20,-27,0.9875,0.970625,-2105.666666666668,cumulative flow proxy,FRED_PERMIT,FRED_HOUST,FRED_COMPUTSA,SAAR,12.0
1999-05-01,1640,1611,1623,136.66666666666666,134.25,135.25,1.4166666666666572,-1.0,17,-12,0.9896341463414634,0.9823170731707317,-2104.2500000000014,cumulative flow proxy,FRED_PERMIT,FRED_HOUST,FRED_COMPUTSA,SAAR,12.0
1999-06-01,1702,1559,1648,141.83333333333334,129.91666666666666,137.33333333333334,4.5,-7.416666666666686,54,-89,0.9682726204465335,0.9159811985898942,-2099.7500000000014,cumulative flow proxy,FRED_PERMIT,FRED_HOUST,FRED_COMPUTSA,SAAR,12.0
1999-07-01,1682,1669,1597,140.16666666666666,139.08333333333334,133.08333333333334,7.083333333333314,6.0,85,72,0.9494649227110583,0.9922711058263971,-2092.666666666668,cumulative flow proxy,FRED_PERMIT,FRED_HOUST,FRED_COMPUTSA,SAAR,12.0
1999-08-01,1671,1648,1563,139.25,137.33333333333334,130.25,9.0,7.083333333333343,108,85,0.9353680430879713,0.9862357869539198,-2083.666666666668,cumulative flow proxy,FRED_PERMIT,FRED_HOUST,FRED_COMPUTSA,SAAR,12.0
1999-09-01,1551,1635,1643,129.25,136.25,136.91666666666666,-7.666666666666657,-0.6666666666666572,-92,-8,1.059316569954868,1.0541586073500968,-2091.3333333333344,cumulative flow proxy,FRED_PERMIT,FRED_HOUST,FRED_COMPUTSA,SAAR,12.0
1999-10-01,1649,1608,1593,137.41666666666666,134.0,132.75,4.666666666666657,1.25,56,15,0.9660400242571255,0.9751364463311097,-2086.666666666668,cumulative flow proxy,FRED_PERMIT,FRED_HOUST,FRED_COMPUTSA,SAAR,12.0
1999-11-01,1672,1648,1596,139.33333333333334,137.33333333333334,133.0,6.333333333333343,4.333333333333343,76,52,0.9545454545454546,0.9856459330143541,-2080.3333333333344,cumulative flow proxy,FRED_PERMIT,FRED_HOUST,FRED_COMPUTSA,SAAR,12.0
1999-12-01,1683,1708,1659,140.25,142.33333333333334,138.25,2.0,4.083333333333343,24,49,0.9857397504456328,1.0148544266191326,-2078.3333333333344,cumulative flow proxy,FRED_PERMIT,FRED_HOUST,FRED_COMPUTSA,SAAR,12.0
2000-01-01,1727,1636,1574,143.91666666666666,136.33333333333334,131.16666666666666,12.75,5.166666666666686,153,62,0.9114070642733063,0.9473074696004632,-2065.5833333333344,cumulative flow proxy,FRED_PERMIT,FRED_HOUST,FRED_COMPUTSA,SAAR,12.0
2000-02-01,1692,1737,1677,141.0,144.75,139.75,1.25,5.0,15,60,0.9911347517730497,1.0265957446808511,-2064.3333333333344,cumulative flow proxy,FRED_PERMIT,FRED_HOUST,FRED_COMPUTSA,SAAR,12.0
2000-03-01,1651,1604,1704,137.58333333333334,133.66666666666666,142.0,-4.416666666666657,-8.333333333333343,-53,-100,1.0321017565112054,0.9715324046032707,-2068.750000000001,cumulative flow proxy,FRED_PERMIT,FRED_HOUST,FRED_COMPUTSA,SAAR,12.0
2000-04-01,1597,1626,1610,133.08333333333334,135.5,134.16666666666666,-1.0833333333333144,1.3333333333333428,-13,16,1.008140262993112,1.018159048215404,-2069.8333333333344,cumulative flow proxy,FRED_PERMIT,FRED_HOUST,FRED_COMPUTSA,SAAR,12.0
2000-05-01,1543,1575,1682,128.58333333333334,131.25,140.16666666666666,-11.583333333333314,-8.916666666666657,-139,-107,1.0900842514581983,1.0207388204795853,-2081.416666666668,cumulative flow proxy,FRED_PERMIT,FRED_HOUST,FRED_COMPUTSA,SAAR,12.0
2000-06-01,1572,1559,1530,131.0,129.91666666666666,127.5,3.5,2.416666666666657,42,29,0.9732824427480916,0.9917302798982188,-2077.916666666668,cumulative flow proxy,FRED_PERMIT,FRED_HOUST,FRED_COMPUTSA,SAAR,12.0
2000-07-01,1542,1463,1495,128.5,121.91666666666667,124.58333333333333,3.9166666666666714,-2.666666666666657,47,-32,0.9695201037613489,0.9487678339818417,-2074.0000000000014,cumulative flow proxy,FRED_PERMIT,FRED_HOUST,FRED_COMPUTSA,SAAR,12.0
2000-08-01,1552,1541,1573,129.33333333333334,128.41666666666666,131.08333333333334,-1.75,-2.6666666666666856,-21,-32,1.0135309278350515,0.9929123711340206,-2075.7500000000014,cumulative flow proxy,FRED_PERMIT,FRED_HOUST,FRED_COMPUTSA,SAAR,12.0
2000-09-01,1570,1507,1528,130.83333333333334,125.58333333333333,127.33333333333333,3.500000000000014,-1.75,42,-21,0.9732484076433121,0.9598726114649682,-2072.2500000000014,cumulative flow proxy,FRED_PERMIT,FRED_HOUST,FRED_COMPUTSA,SAAR,12.0
2000-10-01,1577,1549,1513,131.41666666666666,129.08333333333334,126.08333333333333,5.333333333333329,3.000000000000014,64,36,0.9594166138237159,0.9822447685478757,-2066.916666666668,cumulative flow proxy,FRED_PERMIT,FRED_HOUST,FRED_COMPUTSA,SAAR,12.0
2000-11-01,1614,1551,1539,134.5,129.25,128.25,6.25,1.0,75,12,0.9535315985130112,0.9609665427509294,-2060.666666666668,cumulative flow proxy,FRED_PERMIT,FRED_HOUST,FRED_COMPUTSA,SAAR,12.0
2000-12-01,1543,1532,1521,128.58333333333334,127.66666666666667,126.75,1.8333333333333428,0.9166666666666714,22,11,0.9857420609202852,0.9928710304601426,-2058.8333333333344,cumulative flow proxy,FRED_PERMIT,FRED_HOUST,FRED_COMPUTSA,SAAR,12.0
2001-01-01,1699,1600,1456,141.58333333333334,133.33333333333334,121.33333333333333,20.250000000000014,12.000000000000014,243,144,0.8569746909947028,0.9417304296645085,-2038.5833333333344,cumulative flow proxy,FRED_PERMIT,FRED_HOUST,FRED_COMPUTSA,SAAR,12.0
2001-02-01,1656,1625,1536,138.0,135.41666666666666,128.0,10.0,7.416666666666657,120,89,0.927536231884058,0.981280193236715,-2028.5833333333344,cumulative flow proxy,FRED_PERMIT,FRED_HOUST,FRED_COMPUTSA,SAAR,12.0
2001-03-01,1659,1590,1470,138.25,132.5,122.5,15.75,10.0,189,120,0.8860759493670886,0.9584086799276673,-2012.8333333333344,cumulative flow proxy,FRED_PERMIT,FRED_HOUST,FRED_COMPUTSA,SAAR,12.0
2001-04-01,1666,1649,1574,138.83333333333334,137.41666666666666,131.16666666666666,7.666666666666686,6.25,92,75,0.9447779111644657,0.9897959183673469,-2005.1666666666677,cumulative flow proxy,FRED_PERMIT,FRED_HOUST,FRED_COMPUTSA,SAAR,12.0
2001-05-01,1665,1605,1497,138.75,133.75,124.75,14.0,9.0,168,108,0.8990990990990991,0.963963963963964,-1991.1666666666677,cumulative flow proxy,FRED_PERMIT,FRED_HOUST,FRED_COMPUTSA,SAAR,12.0
2001-06-01,1626,1636,1654,135.5,136.33333333333334,137.83333333333334,-2.333333333333343,-1.5,-28,-18,1.017220172201722,1.006150061500615,-1993.500000000001,cumulative flow proxy,FRED_PERMIT,FRED_HOUST,FRED_COMPUTSA,SAAR,12.0
2001-07-01,1598,1670,1582,133.16666666666666,139.16666666666666,131.83333333333334,1.3333333333333144,7.333333333333314,16,88,0.9899874843554443,1.0450563204005006,-1992.1666666666677,cumulative flow proxy,FRED_PERMIT,FRED_HOUST,FRED_COMPUTSA,SAAR,12.0
2001-08-01,1615,1567,1615,134.58333333333334,130.58333333333334,134.58333333333334,0.0,-4.0,0,-48,1.0,0.9702786377708978,-1992.1666666666677,cumulative flow proxy,FRED_PERMIT,FRED_HOUST,FRED_COMPUTSA,SAAR,12.0
2001-09-01,1565,1562,1551,130.41666666666666,130.16666666666666,129.25,1.1666666666666572,0.9166666666666572,14,11,0.9910543130990416,0.9980830670926517,-1991.000000000001,cumulative flow proxy,FRED_PERMIT,FRED_HOUST,FRED_COMPUTSA,SAAR,12.0
2001-10-01,1566,1540,1599,130.5,128.33333333333334,133.25,-2.75,-4.916666666666657,-33,-59,1.0210727969348659,0.9833971902937421,-1993.750000000001,cumulative flow proxy,FRED_PERMIT,FRED_HOUST,FRED_COMPUTSA,SAAR,12.0
2001-11-01,1651,1602,1555,137.58333333333334,133.5,129.58333333333334,8.0,3.916666666666657,96,47,0.9418534221683827,0.970321017565112,-1985.750000000001,cumulative flow proxy,FRED_PERMIT,FRED_HOUST,FRED_COMPUTSA,SAAR,12.0
2001-12-01,1680,1568,1693,140.0,130.66666666666666,141.08333333333334,-1.0833333333333428,-10.416666666666686,-13,-125,1.0077380952380952,0.9333333333333333,-1986.8333333333342,cumulative flow proxy,FRED_PERMIT,FRED_HOUST,FRED_COMPUTSA,SAAR,12.0
2002-01-01,1665,1698,1632,138.75,141.5,136.0,2.75,5.5,33,66,0.9801801801801802,1.0198198198198198,-1984.0833333333342,cumulative flow proxy,FRED_PERMIT,FRED_HOUST,FRED_COMPUTSA,SAAR,12.0
2002-02-01,1787,1829,1671,148.91666666666666,152.41666666666666,139.25,9.666666666666657,13.166666666666657,116,158,0.9350867375489648,1.0235030777839955,-1974.4166666666674,cumulative flow proxy,FRED_PERMIT,FRED_HOUST,FRED_COMPUTSA,SAAR,12.0
2002-03-01,1691,1642,1559,140.91666666666666,136.83333333333334,129.91666666666666,11.0,6.916666666666686,132,83,0.92193968066233,0.9710230632761679,-1963.4166666666674,cumulative flow proxy,FRED_PERMIT,FRED_HOUST,FRED_COMPUTSA,SAAR,12.0
2002-04-01,1669,1592,1625,139.08333333333334,132.66666666666666,135.41666666666666,3.6666666666666856,-2.75,44,-33,0.9736369083283404,0.9538645895745955,-1959.7500000000007,cumulative flow proxy,FRED_PERMIT,FRED_HOUST,FRED_COMPUTSA,SAAR,12.0
2002-05-01,1716,1764,1705,143.0,147.0,142.08333333333334,0.9166666666666572,4.916666666666657,11,59,0.9935897435897436,1.027972027972028,-1958.833333333334,cumulative flow proxy,FRED_PERMIT,FRED_HOUST,FRED_COMPUTSA,SAAR,12.0
2002-06-01,1758,1717,1589,146.5,143.08333333333334,132.41666666666666,14.083333333333343,10.666666666666686,169,128,0.90386803185438,0.9766780432309442,-1944.7500000000007,cumulative flow proxy,FRED_PERMIT,FRED_HOUST,FRED_COMPUTSA,SAAR,12.0
2002-07-01,1738,1655,1615,144.83333333333334,137.91666666666666,134.58333333333334,10.25,3.3333333333333144,123,40,0.929228998849252,0.9522439585730725,-1934.5000000000007,cumulative flow proxy,FRED_PERMIT,FRED_HOUST,FRED_COMPUTSA,SAAR,12.0
2002-08-01,1695,1633,1722,141.25,136.08333333333334,143.5,-2.25,-7.416666666666657,-27,-89,1.015929203539823,0.9634218289085545,-1936.7500000000007,cumulative flow proxy,FRED_PERMIT,FRED_HOUST,FRED_COMPUTSA,SAAR,12.0
2002-09-01,1803,1804,1641,150.25,150.33333333333334,136.75,13.5,13.583333333333343,162,163,0.9101497504159733,1.0005546311702718,-1923.2500000000007,cumulative flow proxy,FRED_PERMIT,FRED_HOUST,FRED_COMPUTSA,SAAR,12.0
2002-10-01,1799,1648,1601,149.91666666666666,137.33333333333334,133.41666666666666,16.5,3.9166666666666856,198,47,0.8899388549193996,0.9160644802668149,-1906.7500000000007,cumulative flow proxy,FRED_PERMIT,FRED_HOUST,FRED_COMPUTSA,SAAR,12.0
2002-11-01,1771,1753,1718,147.58333333333334,146.08333333333334,143.16666666666666,4.416666666666686,2.9166666666666856,53,35,0.9700734048560136,0.9898362507058159,-1902.333333333334,cumulative flow proxy,FRED_PERMIT,FRED_HOUST,FRED_COMPUTSA,SAAR,12.0
2002-12-01,1896,1788,1671,158.0,149.0,139.25,18.75,9.75,225,117,0.8813291139240507,0.9430379746835443,-1883.583333333334,cumulative flow proxy,FRED_PERMIT,FRED_HOUST,FRED_COMPUTSA,SAAR,12.0
2003-01-01,1808,1853,1654,150.66666666666666,154.41666666666666,137.83333333333334,12.833333333333314,16.583333333333314,154,199,0.9148230088495575,1.0248893805309736,-1870.7500000000007,cumulative flow proxy,FRED_PERMIT,FRED_HOUST,FRED_COMPUTSA,SAAR,12.0
2003-02-01,1854,1629,1688,154.5,135.75,140.66666666666666,13.833333333333343,-4.916666666666657,166,-59,0.9104638619201726,0.8786407766990292,-1856.9166666666674,cumulative flow proxy,FRED_PERMIT,FRED_HOUST,FRED_COMPUTSA,SAAR,12.0
2003-03-01,1757,1726,1638,146.41666666666666,143.83333333333334,136.5,9.916666666666657,7.333333333333343,119,88,0.9322709163346613,0.9823562891291975,-1847.0000000000007,cumulative flow proxy,FRED_PERMIT,FRED_HOUST,FRED_COMPUTSA,SAAR,12.0
2003-04-01,1803,1643,1662,150.25,136.91666666666666,138.5,11.75,-1.5833333333333428,141,-19,0.9217970049916805,0.9112590127565169,-1835.2500000000007,cumulative flow proxy,FRED_PERMIT,FRED_HOUST,FRED_COMPUTSA,SAAR,12.0
2003-05-01,1835,1751,1733,152.91666666666666,145.91666666666666,144.41666666666666,8.5,1.5,102,18,0.9444141689373297,0.9542234332425068,-1826.7500000000007,cumulative flow proxy,FRED_PERMIT,FRED_HOUST,FRED_COMPUTSA,SAAR,12.0
2003-06-01,1875,1867,1641,156.25,155.58333333333334,136.75,19.5,18.833333333333343,234,226,0.8752,0.9957333333333334,-1807.2500000000007,cumulative flow proxy,FRED_PERMIT,FRED_HOUST,FRED_COMPUTSA,SAAR,12.0
2003-07-01,1885,1897,1680,157.08333333333334,158.08333333333334,140.0,17.083333333333343,18.083333333333343,205,217,0.8912466843501327,1.006366047745358,-1790.1666666666674,cumulative flow proxy,FRED_PERMIT,FRED_HOUST,FRED_COMPUTSA,SAAR,12.0
2003-08-01,1966,1833,1570,163.83333333333334,152.75,130.83333333333334,33.0,21.916666666666657,396,263,0.7985757884028484,0.9323499491353001,-1757.1666666666674,cumulative flow proxy,FRED_PERMIT,FRED_HOUST,FRED_COMPUTSA,SAAR,12.0
2003-09-01,1961,1939,1719,163.41666666666666,161.58333333333334,143.25,20.166666666666657,18.333333333333343,242,220,0.8765935747067822,0.9887812340642529,-1737.0000000000007,cumulative flow proxy,FRED_PERMIT,FRED_HOUST,FRED_COMPUTSA,SAAR,12.0
2003-10-01,2012,1967,1728,167.66666666666666,163.91666666666666,144.0,23.666666666666657,19.916666666666657,284,239,0.8588469184890656,0.9776341948310139,-1713.333333333334,cumulative flow proxy,FRED_PERMIT,FRED_HOUST,FRED_COMPUTSA,SAAR,12.0
2003-11-01,1918,2083,1692,159.83333333333334,173.58333333333334,141.0,18.833333333333343,32.58333333333334,226,391,0.8821689259645464,1.0860271115745568,-1694.5000000000007,cumulative flow proxy,FRED_PERMIT,FRED_HOUST,FRED_COMPUTSA,SAAR,12.0
2003-12-01,1987,2057,1716,165.58333333333334,171.41666666666666,143.0,22.583333333333343,28.416666666666657,271,341,0.863613487669854,1.035228988424761,-1671.9166666666674,cumulative flow proxy,FRED_PERMIT,FRED_HOUST,FRED_COMPUTSA,SAAR,12.0
2004-01-01,1952,1911,1709,162.66666666666666,159.25,142.41666666666666,20.25,16.833333333333343,243,202,0.8755122950819673,0.9789959016393442,-1651.6666666666674,cumulative flow proxy,FRED_PERMIT,FRED_HOUST,FRED_COMPUTSA,SAAR,12.0
2004-02-01,1966,1846,1718,163.83333333333334,153.83333333333334,143.16666666666666,20.666666666666686,10.666666666666686,248,128,0.873855544252289,0.9389623601220752,-1631.0000000000007,cumulative flow proxy,FRED_PERMIT,FRED_HOUST,FRED_COMPUTSA,SAAR,12.0
2004-03-01,2066,1998,1794,172.16666666666666,166.5,149.5,22.666666666666657,17.0,272,204,0.8683446272991288,0.9670861568247822,-1608.333333333334,cumulative flow proxy,FRED_PERMIT,FRED_HOUST,FRED_COMPUTSA,SAAR,12.0
2004-04-01,2070,2003,1938,172.5,166.91666666666666,161.5,11.0,5.416666666666657,132,65,0.936231884057971,0.9676328502415459,-1597.333333333334,cumulative flow proxy,FRED_PERMIT,FRED_HOUST,FRED_COMPUTSA,SAAR,12.0
2004-05-01,2150,1981,1893,179.16666666666666,165.08333333333334,157.75,21.416666666666657,7.333333333333343,257,88,0.8804651162790698,0.9213953488372093,-1575.9166666666672,cumulative flow proxy,FRED_PERMIT,FRED_HOUST,FRED_COMPUTSA,SAAR,12.0
2004-06-01,2020,1828,1857,168.33333333333334,152.33333333333334,154.75,13.583333333333343,-2.416666666666657,163,-29,0.9193069306930693,0.904950495049505,-1562.333333333334,cumulative flow proxy,FRED_PERMIT,FRED_HOUST,FRED_COMPUTSA,SAAR,12.0
2004-07-01,2112,2002,1881,176.0,166.83333333333334,156.75,19.25,10.083333333333343,231,121,0.890625,0.9479166666666666,-1543.083333333334,cumulative flow proxy,FRED_PERMIT,FRED_HOUST,FRED_COMPUTSA,SAAR,12.0
2004-08-01,2056,2024,1911,171.33333333333334,168.66666666666666,159.25,12.083333333333343,9.416666666666657,145,113,0.9294747081712063,0.9844357976653697,-1531.0000000000007,cumulative flow proxy,FRED_PERMIT,FRED_HOUST,FRED_COMPUTSA,SAAR,12.0
2004-09-01,2041,1905,1796,170.08333333333334,158.75,149.66666666666666,20.416666666666686,9.083333333333343,245,109,0.8799608035276825,0.9333659970602646,-1510.583333333334,cumulative flow proxy,FRED_PERMIT,FRED_HOUST,FRED_COMPUTSA,SAAR,12.0
2004-10-01,2097,2072,1839,174.75,172.66666666666666,153.25,21.5,19.416666666666657,258,233,0.876967095851216,0.9880782069623272,-1489.083333333334,cumulative flow proxy,FRED_PERMIT,FRED_HOUST,FRED_COMPUTSA,SAAR,12.0
2004-11-01,2079,1782,1758,173.25,148.5,146.5,26.75,2.0,321,24,0.8455988455988456,0.8571428571428571,-1462.333333333334,cumulative flow proxy,FRED_PERMIT,FRED_HOUST,FRED_COMPUTSA,SAAR,12.0
2004-12-01,2082,2042,1921,173.5,170.16666666666666,160.08333333333334,13.416666666666657,10.083333333333314,161,121,0.9226705091258406,0.9807877041306436,-1448.9166666666672,cumulative flow proxy,FRED_PERMIT,FRED_HOUST,FRED_COMPUTSA,SAAR,12.0
2005-01-01,2139,2144,1892,178.25,178.66666666666666,157.66666666666666,20.583333333333343,21.0,247,252,0.884525479195886,1.002337540906966,-1428.333333333334,cumulative flow proxy,FRED_PERMIT,FRED_HOUST,FRED_COMPUTSA,SAAR,12.0
2005-02-01,2114,2207,1908,176.16666666666666,183.91666666666666,159.0,17.166666666666657,24.916666666666657,206,299,0.902554399243141,1.04399243140965,-1411.1666666666672,cumulative flow proxy,FRED_PERMIT,FRED_HOUST,FRED_COMPUTSA,SAAR,12.0
2005-03-01,2062,1864,1787,171.83333333333334,155.33333333333334,148.91666666666666,22.916666666666686,6.416666666666686,275,77,0.8666343355965083,0.903976721629486,-1388.2500000000005,cumulative flow proxy,FRED_PERMIT,FRED_HOUST,FRED_COMPUTSA,SAAR,12.0
2005-04-01,2150,2061,1927,179.16666666666666,171.75,160.58333333333334,18.583333333333314,11.166666666666657,223,134,0.8962790697674419,0.9586046511627907,-1369.6666666666672,cumulative flow proxy,FRED_PERMIT,FRED_HOUST,FRED_COMPUTSA,SAAR,12.0
2005-05-01,2085,2025,2103,173.75,168.75,175.25,-1.5,-6.5,-18,-78,1.00863309352518,0.9712230215827338,-1371.1666666666672,cumulative flow proxy,FRED_PERMIT,FRED_HOUST,FRED_COMPUTSA,SAAR,12.0
2005-06-01,2178,2068,1965,181.5,172.33333333333334,163.75,17.75,8.583333333333343,213,103,0.9022038567493113,0.9494949494949495,-1353.4166666666672,cumulative flow proxy,FRED_PERMIT,FRED_HOUST,FRED_COMPUTSA,SAAR,12.0
2005-07-01,2203,2054,1886,183.58333333333334,171.16666666666666,157.16666666666666,26.416666666666686,14.0,317,168,0.8561053109396278,0.932364956876986,-1327.0000000000005,cumulative flow proxy,FRED_PERMIT,FRED_HOUST,FRED_COMPUTSA,SAAR,12.0
2005-08-01,2219,2095,1952,184.91666666666666,174.58333333333334,162.66666666666666,22.25,11.916666666666686,267,143,0.8796755295178008,0.9441189725101397,-1304.7500000000005,cumulative flow proxy,FRED_PERMIT,FRED_HOUST,FRED_COMPUTSA,SAAR,12.0
2005-09-01,2263,2151,1922,188.58333333333334,179.25,160.16666666666666,28.416666666666686,19.083333333333343,341,229,0.8493150684931506,0.9505081749889527,-1276.3333333333337,cumulative flow proxy,FRED_PERMIT,FRED_HOUST,FRED_COMPUTSA,SAAR,12.0
2005-10-01,2170,2065,1962,180.83333333333334,172.08333333333334,163.5,17.333333333333343,8.583333333333343,208,103,0.904147465437788,0.9516129032258065,-1259.0000000000005,cumulative flow proxy,FRED_PERMIT,FRED_HOUST,FRED_COMPUTSA,SAAR,12.0
2005-11-01,2218,2147,1907,184.83333333333334,178.91666666666666,158.91666666666666,25.916666666666686,20.0,311,240,0.8597835888187556,0.9679891794409378,-1233.0833333333337,cumulative flow proxy,FRED_PERMIT,FRED_HOUST,FRED_COMPUTSA,SAAR,12.0
2005-12-01,2120,1994,1941,176.66666666666666,166.16666666666666,161.75,14.916666666666657,4.416666666666657,179,53,0.9155660377358491,0.940566037735849,-1218.166666666667,cumulative flow proxy,FRED_PERMIT,FRED_HOUST,FRED_COMPUTSA,SAAR,12.0
2006-01-01,2212,2273,2036,184.33333333333334,189.41666666666666,169.66666666666666,14.666666666666686,19.75,176,237,0.9204339963833634,1.0275768535262206,-1203.5000000000002,cumulative flow proxy,FRED_PERMIT,FRED_HOUST,FRED_COMPUTSA,SAAR,12.0
2006-02-01,2141,2119,2048,178.41666666666666,176.58333333333334,170.66666666666666,7.75,5.916666666666686,93,71,0.9565623540401681,0.9897244278374592,-1195.7500000000002,cumulative flow proxy,FRED_PERMIT,FRED_HOUST,FRED_COMPUTSA,SAAR,12.0
2006-03-01,2118,1969,2245,176.5,164.08333333333334,187.08333333333334,-10.583333333333343,-23.0,-127,-276,1.0599622285174692,0.9296506137865911,-1206.3333333333335,cumulative flow proxy,FRED_PERMIT,FRED_HOUST,FRED_COMPUTSA,SAAR,12.0
2006-04-01,1998,1821,2071,166.5,151.75,172.58333333333334,-6.083333333333343,-20.833333333333343,-73,-250,1.0365365365365364,0.9114114114114115,-1212.4166666666667,cumulative flow proxy,FRED_PERMIT,FRED_HOUST,FRED_COMPUTSA,SAAR,12.0
2006-05-01,1905,1942,1897,158.75,161.83333333333334,158.08333333333334,0.6666666666666572,3.75,8,45,0.9958005249343832,1.0194225721784778,-1211.75,cumulative flow proxy,FRED_PERMIT,FRED_HOUST,FRED_COMPUTSA,SAAR,12.0
2006-06-01,1867,1802,2050,155.58333333333334,150.16666666666666,170.83333333333334,-15.25,-20.666666666666686,-183,-248,1.098018211033744,0.9651847884306374,-1227.0,cumulative flow proxy,FRED_PERMIT,FRED_HOUST,FRED_COMPUTSA,SAAR,12.0
2006-07-01,1763,1737,1934,146.91666666666666,144.75,161.16666666666666,-14.25,-16.416666666666657,-171,-197,1.0969937606352809,0.9852524106636416,-1241.25,cumulative flow proxy,FRED_PERMIT,FRED_HOUST,FRED_COMPUTSA,SAAR,12.0
2006-08-01,1722,1650,1877,143.5,137.5,156.41666666666666,-12.916666666666657,-18.916666666666657,-155,-227,1.0900116144018583,0.9581881533101045,-1254.1666666666667,cumulative flow proxy,FRED_PERMIT,FRED_HOUST,FRED_COMPUTSA,SAAR,12.0
2006-09-01,1655,1720,2011,137.91666666666666,143.33333333333334,167.58333333333334,-29.666666666666686,-24.25,-356,-291,1.2151057401812688,1.039274924471299,-1283.8333333333335,cumulative flow proxy,FRED_PERMIT,FRED_HOUST,FRED_COMPUTSA,SAAR,12.0
2006-10-01,1570,1491,1918,130.83333333333334,124.25,159.83333333333334,-29.0,-35.58333333333334,-348,-427,1.221656050955414,0.9496815286624204,-1312.8333333333335,cumulative flow proxy,FRED_PERMIT,FRED_HOUST,FRED_COMPUTSA,SAAR,12.0
2006-11-01,1535,1570,1893,127.91666666666667,130.83333333333334,157.75,-29.83333333333333,-26.916666666666657,-358,-323,1.2332247557003257,1.022801302931596,-1342.6666666666667,cumulative flow proxy,FRED_PERMIT,FRED_HOUST,FRED_COMPUTSA,SAAR,12.0
2006-12-01,1638,1649,1888,136.5,137.41666666666666,157.33333333333334,-20.833333333333343,-19.916666666666686,-250,-239,1.1526251526251525,1.0067155067155067,-1363.5,cumulative flow proxy,FRED_PERMIT,FRED_HOUST,FRED_COMPUTSA,SAAR,12.0
2007-01-01,1626,1409,1822,135.5,117.41666666666667,151.83333333333334,-16.333333333333343,-34.41666666666667,-196,-413,1.120541205412054,0.8665436654366544,-1379.8333333333333,cumulative flow proxy,FRED_PERMIT,FRED_HOUST,FRED_COMPUTSA,SAAR,12.0
2007-02-01,1598,1480,1640,133.16666666666666,123.33333333333333,136.66666666666666,-3.5,-13.333333333333329,-42,-160,1.0262828535669588,0.9261576971214017,-1383.3333333333333,cumulative flow proxy,FRED_PERMIT,FRED_HOUST,FRED_COMPUTSA,SAAR,12.0
2007-03-01,1596,1495,1623,133.0,124.58333333333333,135.25,-2.25,-10.666666666666671,-27,-128,1.0169172932330828,0.9367167919799498,-1385.5833333333333,cumulative flow proxy,FRED_PERMIT,FRED_HOUST,FRED_COMPUTSA,SAAR,12.0
2007-04-01,1470,1490,1539,122.5,124.16666666666667,128.25,-5.75,-4.083333333333329,-69,-49,1.046938775510204,1.0136054421768708,-1391.3333333333333,cumulative flow proxy,FRED_PERMIT,FRED_HOUST,FRED_COMPUTSA,SAAR,12.0
2007-05-01,1493,1415,1536,124.41666666666667,117.91666666666667,128.0,-3.5833333333333286,-10.083333333333329,-43,-121,1.028801071667783,0.9477561955793704,-1394.9166666666665,cumulative flow proxy,FRED_PERMIT,FRED_HOUST,FRED_COMPUTSA,SAAR,12.0
2007-06-01,1407,1448,1481,117.25,120.66666666666667,123.41666666666667,-6.166666666666671,-2.75,-74,-33,1.052594171997157,1.0291400142146412,-1401.0833333333333,cumulative flow proxy,FRED_PERMIT,FRED_HOUST,FRED_COMPUTSA,SAAR,12.0
2007-07-01,1361,1354,1534,113.41666666666667,112.83333333333333,127.83333333333333,-14.416666666666657,-15.0,-173,-180,1.127112417340191,0.9948567229977957,-1415.5,cumulative flow proxy,FRED_PERMIT,FRED_HOUST,FRED_COMPUTSA,SAAR,12.0
2007-08-01,1321,1330,1512,110.08333333333333,110.83333333333333,126.0,-15.916666666666671,-15.166666666666671,-191,-182,1.1445874337623012,1.0068130204390613,-1431.4166666666667,cumulative flow proxy,FRED_PERMIT,FRED_HOUST,FRED_COMPUTSA,SAAR,12.0
2007-09-01,1261,1183,1356,105.08333333333333,98.58333333333333,113.0,-7.916666666666671,-14.416666666666671,-95,-173,1.0753370340999207,0.9381443298969072,-1439.3333333333335,cumulative flow proxy,FRED_PERMIT,FRED_HOUST,FRED_COMPUTSA,SAAR,12.0
2007-10-01,1192,1264,1405,99.33333333333333,105.33333333333333,117.08333333333333,-17.75,-11.75,-213,-141,1.1786912751677852,1.0604026845637584,-1457.0833333333335,cumulative flow proxy,FRED_PERMIT,FRED_HOUST,FRED_COMPUTSA,SAAR,12.0
2007-11-01,1224,1197,1390,102.0,99.75,115.83333333333333,-13.833333333333329,-16.08333333333333,-166,-193,1.1356209150326797,0.9779411764705882,-1470.9166666666667,cumulative flow proxy,FRED_PERMIT,FRED_HOUST,FRED_COMPUTSA,SAAR,12.0
2007-12-01,1149,1037,1328,95.75,86.41666666666667,110.66666666666667,-14.916666666666671,-24.25,-179,-291,1.155787641427328,0.9025239338555265,-1485.8333333333335,cumulative flow proxy,FRED_PERMIT,FRED_HOUST,FRED_COMPUTSA,SAAR,12.0
2008-01-01,1094,1084,1331,91.16666666666667,90.33333333333333,110.91666666666667,-19.75,-20.583333333333343,-237,-247,1.216636197440585,0.9908592321755028,-1505.5833333333335,cumulative flow proxy,FRED_PERMIT,FRED_HOUST,FRED_COMPUTSA,SAAR,12.0
2008-02-01,1014,1103,1274,84.5,91.91666666666667,106.16666666666667,-21.66666666666667,-14.25,-260,-171,1.2564102564102564,1.0877712031558184,-1527.2500000000002,cumulative flow proxy,FRED_PERMIT,FRED_HOUST,FRED_COMPUTSA,SAAR,12.0
2008-03-01,967,1005,1195,80.58333333333333,83.75,99.58333333333333,-19.0,-15.833333333333329,-228,-190,1.235780765253361,1.0392967942088935,-1546.2500000000002,cumulative flow proxy,FRED_PERMIT,FRED_HOUST,FRED_COMPUTSA,SAAR,12.0
2008-04-01,1008,1013,1022,84.0,84.41666666666667,85.16666666666667,-1.1666666666666714,-0.75,-14,-9,1.0138888888888888,1.0049603174603174,-1547.416666666667,cumulative flow proxy,FRED_PERMIT,FRED_HOUST,FRED_COMPUTSA,SAAR,12.0
2008-05-01,995,973,1142,82.91666666666667,81.08333333333333,95.16666666666667,-12.25,-14.083333333333343,-147,-169,1.1477386934673366,0.9778894472361809,-1559.666666666667,cumulative flow proxy,FRED_PERMIT,FRED_HOUST,FRED_COMPUTSA,SAAR,12.0
2008-06-01,1180,1046,1142,98.33333333333333,87.16666666666667,95.16666666666667,3.166666666666657,-8.0,38,-96,0.9677966101694915,0.8864406779661017,-1556.5000000000002,cumulative flow proxy,FRED_PERMIT,FRED_HOUST,FRED_COMPUTSA,SAAR,12.0
2008-07-01,921,923,1087,76.75,76.91666666666667,90.58333333333333,-13.833333333333329,-13.666666666666657,-166,-164,1.1802388707926168,1.002171552660152,-1570.3333333333335,cumulative flow proxy,FRED_PERMIT,FRED_HOUST,FRED_COMPUTSA,SAAR,12.0
2008-08-01,858,844,1017,71.5,70.33333333333333,84.75,-13.25,-14.416666666666671,-159,-173,1.1853146853146854,0.9836829836829837,-1583.5833333333335,cumulative flow proxy,FRED_PERMIT,FRED_HOUST,FRED_COMPUTSA,SAAR,12.0
2008-09-01,797,820,1160,66.41666666666667,68.33333333333333,96.66666666666667,-30.25,-28.333333333333343,-363,-340,1.4554579673776662,1.0288582183186952,-1613.8333333333335,cumulative flow proxy,FRED_PERMIT,FRED_HOUST,FRED_COMPUTSA,SAAR,12.0
2008-10-01,736,777,1055,61.333333333333336,64.75,87.91666666666667,-26.583333333333336,-23.16666666666667,-319,-278,1.4334239130434783,1.0557065217391304,-1640.4166666666667,cumulative flow proxy,FRED_PERMIT,FRED_HOUST,FRED_COMPUTSA,SAAR,12.0
2008-11-01,626,652,1076,52.166666666666664,54.333333333333336,89.66666666666667,-37.50000000000001,-35.333333333333336,-450,-424,1.718849840255591,1.0415335463258786,-1677.9166666666667,cumulative flow proxy,FRED_PERMIT,FRED_HOUST,FRED_COMPUTSA,SAAR,12.0
2008-12-01,554,560,1021,46.166666666666664,46.666666666666664,85.08333333333333,-38.916666666666664,-38.416666666666664,-467,-461,1.8429602888086642,1.0108303249097472,-1716.8333333333335,cumulative flow proxy,FRED_PERMIT,FRED_HOUST,FRED_COMPUTSA,SAAR,12.0
2009-01-01,545,490,777,45.416666666666664,40.833333333333336,64.75,-19.333333333333336,-23.916666666666664,-232,-287,1.4256880733944954,0.8990825688073395,-1736.1666666666667,cumulative flow proxy,FRED_PERMIT,FRED_HOUST,FRED_COMPUTSA,SAAR,12.0
2009-02-01,558,582,819,46.5,48.5,68.25,-21.75,-19.75,-261,-237,1.467741935483871,1.043010752688172,-1757.9166666666667,cumulative flow proxy,FRED_PERMIT,FRED_HOUST,FRED_COMPUTSA,SAAR,12.0
2009-03-01,513,505,839,42.75,42.083333333333336,69.91666666666667,-27.16666666666667,-27.833333333333336,-326,-334,1.635477582846004,0.9844054580896686,-1785.0833333333335,cumulative flow proxy,FRED_PERMIT,FRED_HOUST,FRED_COMPUTSA,SAAR,12.0
2009-04-01,521,478,846,43.416666666666664,39.833333333333336,70.5,-27.083333333333336,-30.666666666666664,-325,-368,1.6238003838771593,0.9174664107485605,-1812.1666666666667,cumulative flow proxy,FRED_PERMIT,FRED_HOUST,FRED_COMPUTSA,SAAR,12.0
2009-05-01,556,540,818,46.333333333333336,45.0,68.16666666666667,-21.833333333333336,-23.16666666666667,-262,-278,1.4712230215827338,0.9712230215827338,-1834.0,cumulative flow proxy,FRED_PERMIT,FRED_HOUST,FRED_COMPUTSA,SAAR,12.0
2009-06-01,601,585,797,50.083333333333336,48.75,66.41666666666667,-16.333333333333336,-17.66666666666667,-196,-212,1.3261231281198003,0.9733777038269551,-1850.3333333333333,cumulative flow proxy,FRED_PERMIT,FRED_HOUST,FRED_COMPUTSA,SAAR,12.0
2009-07-01,595,594,797,49.583333333333336,49.5,66.41666666666667,-16.833333333333336,-16.91666666666667,-202,-203,1.3394957983193276,0.9983193277310924,-1867.1666666666665,cumulative flow proxy,FRED_PERMIT,FRED_HOUST,FRED_COMPUTSA,SAAR,12.0
2009-08-01,616,586,792,51.333333333333336,48.833333333333336,66.0,-14.666666666666664,-17.166666666666664,-176,-206,1.2857142857142858,0.9512987012987013,-1881.8333333333333,cumulative flow proxy,FRED_PERMIT,FRED_HOUST,FRED_COMPUTSA,SAAR,12.0
2009-09-01,609,585,721,50.75,48.75,60.083333333333336,-9.333333333333336,-11.333333333333336,-112,-136,1.1839080459770115,0.9605911330049262,-1891.1666666666665,cumulative flow proxy,FRED_PERMIT,FRED_HOUST,FRED_COMPUTSA,SAAR,12.0
2009-10-01,583,534,746,48.583333333333336,44.5,62.166666666666664,-13.583333333333329,-17.666666666666664,-163,-212,1.2795883361921099,0.9159519725557461,-1904.7499999999998,cumulative flow proxy,FRED_PERMIT,FRED_HOUST,FRED_COMPUTSA,SAAR,12.0
2009-11-01,623,588,844,51.916666666666664,49.0,70.33333333333333,-18.416666666666664,-21.33333333333333,-221,-256,1.3547351524879614,0.9438202247191011,-1923.1666666666665,cumulative flow proxy,FRED_PERMIT,FRED_HOUST,FRED_COMPUTSA,SAAR,12.0
2009-12-01,664,581,750,55.333333333333336,48.416666666666664,62.5,-7.166666666666664,-14.083333333333336,-86,-169,1.1295180722891567,0.875,-1930.3333333333333,cumulative flow proxy,FRED_PERMIT,FRED_HOUST,FRED_COMPUTSA,SAAR,12.0
2010-01-01,636,614,689,53.0,51.166666666666664,57.416666666666664,-4.416666666666664,-6.25,-53,-75,1.0833333333333333,0.9654088050314465,-1934.75,cumulative flow proxy,FRED_PERMIT,FRED_HOUST,FRED_COMPUTSA,SAAR,12.0
2010-02-01,650,604,670,54.166666666666664,50.333333333333336,55.833333333333336,-1.6666666666666714,-5.5,-20,-66,1.0307692307692307,0.9292307692307692,-1936.4166666666667,cumulative flow proxy,FRED_PERMIT,FRED_HOUST,FRED_COMPUTSA,SAAR,12.0
2010-03-01,687,636,635,57.25,53.0,52.916666666666664,4.333333333333336,0.0833333333333357,52,1,0.9243085880640466,0.925764192139738,-1932.0833333333335,cumulative flow proxy,FRED_PERMIT,FRED_HOUST,FRED_COMPUTSA,SAAR,12.0
2010-04-01,637,687,737,53.083333333333336,57.25,61.416666666666664,-8.333333333333329,-4.166666666666664,-100,-50,1.1569858712715855,1.0784929356357928,-1940.4166666666667,cumulative flow proxy,FRED_PERMIT,FRED_HOUST,FRED_COMPUTSA,SAAR,12.0
2010-05-01,575,583,702,47.916666666666664,48.583333333333336,58.5,-10.583333333333336,-9.916666666666664,-127,-119,1.2208695652173913,1.0139130434782608,-1951.0,cumulative flow proxy,FRED_PERMIT,FRED_HOUST,FRED_COMPUTSA,SAAR,12.0
2010-06-01,587,536,894,48.916666666666664,44.666666666666664,74.5,-25.583333333333336,-29.833333333333336,-307,-358,1.5229982964224873,0.9131175468483816,-1976.5833333333333,cumulative flow proxy,FRED_PERMIT,FRED_HOUST,FRED_COMPUTSA,SAAR,12.0
2010-07-01,579,546,572,48.25,45.5,47.666666666666664,0.5833333333333357,-2.1666666666666643,7,-26,0.9879101899827288,0.9430051813471503,-1976.0,cumulative flow proxy,FRED_PERMIT,FRED_HOUST,FRED_COMPUTSA,SAAR,12.0
2010-08-01,580,599,592,48.333333333333336,49.916666666666664,49.333333333333336,-1.0,0.5833333333333286,-12,7,1.0206896551724138,1.032758620689655,-1977.0,cumulative flow proxy,FRED_PERMIT,FRED_HOUST,FRED_COMPUTSA,SAAR,12.0
2010-09-01,563,594,632,46.916666666666664,49.5,52.666666666666664,-5.75,-3.1666666666666643,-69,-38,1.1225577264653641,1.0550621669626998,-1982.75,cumulative flow proxy,FRED_PERMIT,FRED_HOUST,FRED_COMPUTSA,SAAR,12.0
2010-10-01,558,543,605,46.5,45.25,50.416666666666664,-3.9166666666666643,-5.166666666666664,-47,-62,1.0842293906810037,0.9731182795698925,-1986.6666666666667,cumulative flow proxy,FRED_PERMIT,FRED_HOUST,FRED_COMPUTSA,SAAR,12.0
2010-11-01,560,545,552,46.666666666666664,45.416666666666664,46.0,0.6666666666666643,-0.5833333333333357,8,-7,0.9857142857142858,0.9732142857142857,-1986.0,cumulative flow proxy,FRED_PERMIT,FRED_HOUST,FRED_COMPUTSA,SAAR,12.0
2010-12-01,632,539,565,52.666666666666664,44.916666666666664,47.083333333333336,5.583333333333329,-2.1666666666666714,67,-26,0.8939873417721519,0.8528481012658228,-1980.4166666666667,cumulative flow proxy,FRED_PERMIT,FRED_HOUST,FRED_COMPUTSA,SAAR,12.0
2011-01-01,576,630,520,48.0,52.5,43.333333333333336,4.666666666666664,9.166666666666664,56,110,0.9027777777777778,1.09375,-1975.75,cumulative flow proxy,FRED_PERMIT,FRED_HOUST,FRED_COMPUTSA,SAAR,12.0
2011-02-01,542,517,615,45.166666666666664,43.083333333333336,51.25,-6.083333333333336,-8.166666666666664,-73,-98,1.1346863468634687,0.9538745387453874,-1981.8333333333333,cumulative flow proxy,FRED_PERMIT,FRED_HOUST,FRED_COMPUTSA,SAAR,12.0
2011-03-01,583,600,591,48.583333333333336,50.0,49.25,-0.6666666666666643,0.75,-8,9,1.0137221269296741,1.0291595197255574,-1982.5,cumulative flow proxy,FRED_PERMIT,FRED_HOUST,FRED_COMPUTSA,SAAR,12.0
2011-04-01,581,554,549,48.416666666666664,46.166666666666664,45.75,2.6666666666666643,0.4166666666666643,32,5,0.9449225473321858,0.9535283993115319,-1979.8333333333333,cumulative flow proxy,FRED_PERMIT,FRED_HOUST,FRED_COMPUTSA,SAAR,12.0
2011-05-01,618,561,549,51.5,46.75,45.75,5.75,1.0,69,12,0.8883495145631068,0.9077669902912622,-1974.0833333333333,cumulative flow proxy,FRED_PERMIT,FRED_HOUST,FRED_COMPUTSA,SAAR,12.0
2011-06-01,636,608,579,53.0,50.666666666666664,48.25,4.75,2.4166666666666643,57,29,0.910377358490566,0.9559748427672956,-1969.3333333333333,cumulative flow proxy,FRED_PERMIT,FRED_HOUST,FRED_COMPUTSA,SAAR,12.0
2011-07-01,621,623,634,51.75,51.916666666666664,52.833333333333336,-1.0833333333333357,-0.9166666666666714,-13,-11,1.0209339774557167,1.003220611916264,-1970.4166666666665,cumulative flow proxy,FRED_PERMIT,FRED_HOUST,FRED_COMPUTSA,SAAR,12.0
2011-08-01,647,585,614,53.916666666666664,48.75,51.166666666666664,2.75,-2.4166666666666643,33,-29,0.9489953632148377,0.9041731066460588,-1967.6666666666665,cumulative flow proxy,FRED_PERMIT,FRED_HOUST,FRED_COMPUTSA,SAAR,12.0
2011-09-01,610,650,603,50.833333333333336,54.166666666666664,50.25,0.5833333333333357,3.9166666666666643,7,47,0.9885245901639345,1.0655737704918034,-1967.0833333333333,cumulative flow proxy,FRED_PERMIT,FRED_HOUST,FRED_COMPUTSA,SAAR,12.0
2011-10-01,671,610,566,55.916666666666664,50.833333333333336,47.166666666666664,8.75,3.6666666666666714,105,44,0.8435171385991058,0.9090909090909091,-1958.3333333333333,cumulative flow proxy,FRED_PERMIT,FRED_HOUST,FRED_COMPUTSA,SAAR,12.0
2011-11-01,706,711,585,58.833333333333336,59.25,48.75,10.083333333333336,10.5,121,126,0.8286118980169972,1.0070821529745042,-1948.25,cumulative flow proxy,FRED_PERMIT,FRED_HOUST,FRED_COMPUTSA,SAAR,12.0
2011-12-01,697,694,610,58.083333333333336,57.833333333333336,50.833333333333336,7.25,7.0,87,84,0.8751793400286944,0.9956958393113343,-1941.0,cumulative flow proxy,FRED_PERMIT,FRED_HOUST,FRED_COMPUTSA,SAAR,12.0
2012-01-01,712,723,545,59.333333333333336,60.25,45.416666666666664,13.916666666666671,14.833333333333336,167,178,0.7654494382022472,1.0154494382022472,-1927.0833333333333,cumulative flow proxy,FRED_PERMIT,FRED_HOUST,FRED_COMPUTSA,SAAR,12.0
2012-02-01,738,704,561,61.5,58.666666666666664,46.75,14.75,11.916666666666664,177,143,0.7601626016260162,0.9539295392953929,-1912.3333333333333,cumulative flow proxy,FRED_PERMIT,FRED_HOUST,FRED_COMPUTSA,SAAR,12.0
2012-03-01,806,695,582,67.16666666666667,57.916666666666664,48.5,18.66666666666667,9.416666666666664,224,113,0.7220843672456576,0.8622828784119106,-1893.6666666666665,cumulative flow proxy,FRED_PERMIT,FRED_HOUST,FRED_COMPUTSA,SAAR,12.0
2012-04-01,732,753,671,61.0,62.75,55.916666666666664,5.083333333333336,6.833333333333336,61,82,0.9166666666666666,1.028688524590164,-1888.5833333333333,cumulative flow proxy,FRED_PERMIT,FRED_HOUST,FRED_COMPUTSA,SAAR,12.0
2012-05-01,796,708,626,66.33333333333333,59.0,52.166666666666664,14.166666666666664,6.833333333333336,170,82,0.7864321608040201,0.8894472361809045,-1874.4166666666665,cumulative flow proxy,FRED_PERMIT,FRED_HOUST,FRED_COMPUTSA,SAAR,12.0
2012-06-01,794,757,625,66.16666666666667,63.083333333333336,52.083333333333336,14.083333333333336,11.0,169,132,0.7871536523929471,0.9534005037783375,-1860.3333333333333,cumulative flow proxy,FRED_PERMIT,FRED_HOUST,FRED_COMPUTSA,SAAR,12.0
2012-07-01,849,740,676,70.75,61.666666666666664,56.333333333333336,14.416666666666664,5.333333333333329,173,64,0.7962308598351001,0.8716136631330977,-1845.9166666666665,cumulative flow proxy,FRED_PERMIT,FRED_HOUST,FRED_COMPUTSA,SAAR,12.0
2012-08-01,840,754,684,70.0,62.833333333333336,57.0,13.0,5.833333333333336,156,70,0.8142857142857143,0.8976190476190476,-1832.9166666666665,cumulative flow proxy,FRED_PERMIT,FRED_HOUST,FRED_COMPUTSA,SAAR,12.0
2012-09-01,930,847,652,77.5,70.58333333333333,54.333333333333336,23.166666666666664,16.249999999999993,278,195,0.7010752688172043,0.910752688172043,-1809.7499999999998,cumulative flow proxy,FRED_PERMIT,FRED_HOUST,FRED_COMPUTSA,SAAR,12.0
2012-10-01,887,915,730,73.91666666666667,76.25,60.833333333333336,13.083333333333336,15.416666666666664,157,185,0.8229988726042841,1.0315670800450958,-1796.6666666666665,cumulative flow proxy,FRED_PERMIT,FRED_HOUST,FRED_COMPUTSA,SAAR,12.0
2012-11-01,917,833,668,76.41666666666667,69.41666666666667,55.666666666666664,20.750000000000007,13.750000000000007,249,165,0.7284623773173392,0.9083969465648855,-1775.9166666666665,cumulative flow proxy,FRED_PERMIT,FRED_HOUST,FRED_COMPUTSA,SAAR,12.0
2012-12-01,941,976,677,78.41666666666667,81.33333333333333,56.416666666666664,22.000000000000007,24.916666666666664,264,299,0.7194473963868225,1.0371944739638683,-1753.9166666666665,cumulative flow proxy,FRED_PERMIT,FRED_HOUST,FRED_COMPUTSA,SAAR,12.0
2013-01-01,940,888,714,78.33333333333333,74.0,59.5,18.83333333333333,14.5,226,174,0.7595744680851064,0.9446808510638298,-1735.0833333333333,cumulative flow proxy,FRED_PERMIT,FRED_HOUST,FRED_COMPUTSA,SAAR,12.0
2013-02-01,980,962,729,81.66666666666667,80.16666666666667,60.75,20.91666666666667,19.41666666666667,251,233,0.7438775510204082,0.9816326530612245,-1714.1666666666665,cumulative flow proxy,FRED_PERMIT,FRED_HOUST,FRED_COMPUTSA,SAAR,12.0
2013-03-01,936,1010,816,78.0,84.16666666666667,68.0,10.0,16.16666666666667,120,194,0.8717948717948718,1.079059829059829,-1704.1666666666665,cumulative flow proxy,FRED_PERMIT,FRED_HOUST,FRED_COMPUTSA,SAAR,12.0
2013-04-01,1012,835,712,84.33333333333333,69.58333333333333,59.333333333333336,24.999999999999993,10.249999999999993,300,123,0.7035573122529645,0.825098814229249,-1679.1666666666665,cumulative flow proxy,FRED_PERMIT,FRED_HOUST,FRED_COMPUTSA,SAAR,12.0
2013-05-01,1003,930,708,83.58333333333333,77.5,59.0,24.58333333333333,18.5,295,222,0.7058823529411765,0.9272183449651047,-1654.5833333333333,cumulative flow proxy,FRED_PERMIT,FRED_HOUST,FRED_COMPUTSA,SAAR,12.0
2013-06-01,942,839,736,78.5,69.91666666666667,61.333333333333336,17.166666666666664,8.583333333333336,206,103,0.7813163481953291,0.8906581740976646,-1637.4166666666665,cumulative flow proxy,FRED_PERMIT,FRED_HOUST,FRED_COMPUTSA,SAAR,12.0
2013-07-01,997,880,784,83.08333333333333,73.33333333333333,65.33333333333333,17.75,8.0,213,96,0.7863590772316951,0.8826479438314945,-1619.6666666666665,cumulative flow proxy,FRED_PERMIT,FRED_HOUST,FRED_COMPUTSA,SAAR,12.0
2013-08-01,964,917,765,80.33333333333333,76.41666666666667,63.75,16.58333333333333,12.666666666666671,199,152,0.7935684647302904,0.9512448132780082,-1603.0833333333333,cumulative flow proxy,FRED_PERMIT,FRED_HOUST,FRED_COMPUTSA,SAAR,12.0
2013-09-01,1004,850,776,83.66666666666667,70.83333333333333,64.66666666666667,19.0,6.166666666666657,228,74,0.7729083665338645,0.8466135458167331,-1584.0833333333333,cumulative flow proxy,FRED_PERMIT,FRED_HOUST,FRED_COMPUTSA,SAAR,12.0
2013-10-01,1044,925,801,87.0,77.08333333333333,66.75,20.25,10.333333333333329,243,124,0.7672413793103449,0.8860153256704981,-1563.8333333333333,cumulative flow proxy,FRED_PERMIT,FRED_HOUST,FRED_COMPUTSA,SAAR,12.0
2013-11-01,1029,1100,839,85.75,91.66666666666667,69.91666666666667,15.833333333333329,21.75,190,261,0.815354713313897,1.0689990281827018,-1548.0,cumulative flow proxy,FRED_PERMIT,FRED_HOUST,FRED_COMPUTSA,SAAR,12.0
2013-12-01,1005,1002,778,83.75,83.5,64.83333333333333,18.91666666666667,18.66666666666667,227,224,0.7741293532338308,0.9970149253731343,-1529.0833333333333,cumulative flow proxy,FRED_PERMIT,FRED_HOUST,FRED_COMPUTSA,SAAR,12.0
2014-01-01,976,888,838,81.33333333333333,74.0,69.83333333333333,11.5,4.166666666666671,138,50,0.8586065573770492,0.9098360655737705,-1517.5833333333333,cumulative flow proxy,FRED_PERMIT,FRED_HOUST,FRED_COMPUTSA,SAAR,12.0
2014-02-01,1039,944,876,86.58333333333333,78.66666666666667,73.0,13.583333333333329,5.666666666666671,163,68,0.8431183830606352,0.9085659287776708,-1504.0,cumulative flow proxy,FRED_PERMIT,FRED_HOUST,FRED_COMPUTSA,SAAR,12.0
2014-03-01,1067,970,893,88.91666666666667,80.83333333333333,74.41666666666667,14.5,6.416666666666657,174,77,0.8369259606373008,0.9090909090909091,-1489.5,cumulative flow proxy,FRED_PERMIT,FRED_HOUST,FRED_COMPUTSA,SAAR,12.0
2014-04-01,1090,1043,834,90.83333333333333,86.91666666666667,69.5,21.33333333333333,17.41666666666667,256,209,0.7651376146788991,0.9568807339449541,-1468.1666666666667,cumulative flow proxy,FRED_PERMIT,FRED_HOUST,FRED_COMPUTSA,SAAR,12.0
2014-05-01,1018,1007,891,84.83333333333333,83.91666666666667,74.25,10.583333333333329,9.666666666666671,127,116,0.8752455795677799,0.9891944990176817,-1457.5833333333335,cumulative flow proxy,FRED_PERMIT,FRED_HOUST,FRED_COMPUTSA,SAAR,12.0
2014-06-01,1010,911,800,84.16666666666667,75.91666666666667,66.66666666666667,17.5,9.25,210,111,0.7920792079207921,0.901980198019802,-1440.0833333333335,cumulative flow proxy,FRED_PERMIT,FRED_HOUST,FRED_COMPUTSA,SAAR,12.0
2014-07-01,1076,1085,839,89.66666666666667,90.41666666666667,69.91666666666667,19.75,20.5,237,246,0.7797397769516728,1.008364312267658,-1420.3333333333335,cumulative flow proxy,FRED_PERMIT,FRED_HOUST,FRED_COMPUTSA,SAAR,12.0
2014-08-01,1047,984,908,87.25,82.0,75.66666666666667,11.583333333333329,6.333333333333329,139,76,0.8672397325692455,0.9398280802292264,-1408.7500000000002,cumulative flow proxy,FRED_PERMIT,FRED_HOUST,FRED_COMPUTSA,SAAR,12.0
2014-09-01,1077,1023,975,89.75,85.25,81.25,8.5,4.0,102,48,0.9052924791086351,0.9498607242339833,-1400.2500000000002,cumulative flow proxy,FRED_PERMIT,FRED_HOUST,FRED_COMPUTSA,SAAR,12.0
2014-10-01,1094,1074,920,91.16666666666667,89.5,76.66666666666667,14.5,12.833333333333329,174,154,0.8409506398537477,0.9817184643510055,-1385.7500000000002,cumulative flow proxy,FRED_PERMIT,FRED_HOUST,FRED_COMPUTSA,SAAR,12.0
2014-11-01,1059,1001,863,88.25,83.41666666666667,71.91666666666667,16.33333333333333,11.5,196,138,0.8149197355996223,0.9452313503305004,-1369.416666666667,cumulative flow proxy,FRED_PERMIT,FRED_HOUST,FRED_COMPUTSA,SAAR,12.0
2014-12-01,1072,1073,955,89.33333333333333,89.41666666666667,79.58333333333333,9.75,9.833333333333343,117,118,0.8908582089552238,1.0009328358208955,-1359.666666666667,cumulative flow proxy,FRED_PERMIT,FRED_HOUST,FRED_COMPUTSA,SAAR,12.0
2015-01-01,1049,1085,954,87.41666666666667,90.41666666666667,79.5,7.916666666666671,10.916666666666671,95,131,0.909437559580553,1.034318398474738,-1351.7500000000002,cumulative flow proxy,FRED_PERMIT,FRED_HOUST,FRED_COMPUTSA,SAAR,12.0
2015-02-01,1127,886,863,93.91666666666667,73.83333333333333,71.91666666666667,22.0,1.9166666666666572,264,23,0.7657497781721384,0.7861579414374446,-1329.7500000000002,cumulative flow proxy,FRED_PERMIT,FRED_HOUST,FRED_COMPUTSA,SAAR,12.0
2015-03-01,1072,960,781,89.33333333333333,80.0,65.08333333333333,24.25,14.916666666666671,291,179,0.7285447761194029,0.8955223880597015,-1305.5000000000002,cumulative flow proxy,FRED_PERMIT,FRED_HOUST,FRED_COMPUTSA,SAAR,12.0
2015-04-01,1166,1190,1001,97.16666666666667,99.16666666666667,83.41666666666667,13.75,15.75,165,189,0.8584905660377359,1.020583190394511,-1291.7500000000002,cumulative flow proxy,FRED_PERMIT,FRED_HOUST,FRED_COMPUTSA,SAAR,12.0
2015-05-01,1272,1079,1012,106.0,89.91666666666667,84.33333333333333,21.66666666666667,5.583333333333343,260,67,0.7955974842767296,0.8482704402515723,-1270.0833333333335,cumulative flow proxy,FRED_PERMIT,FRED_HOUST,FRED_COMPUTSA,SAAR,12.0
2015-06-01,1379,1205,962,114.91666666666667,100.41666666666667,80.16666666666667,34.75,20.25,417,243,0.6976069615663524,0.873821609862219,-1235.3333333333335,cumulative flow proxy,FRED_PERMIT,FRED_HOUST,FRED_COMPUTSA,SAAR,12.0
2015-07-01,1140,1146,988,95.0,95.5,82.33333333333333,12.666666666666671,13.166666666666671,152,158,0.8666666666666667,1.0052631578947369,-1222.6666666666667,cumulative flow proxy,FRED_PERMIT,FRED_HOUST,FRED_COMPUTSA,SAAR,12.0
2015-08-01,1165,1130,974,97.08333333333333,94.16666666666667,81.16666666666667,15.916666666666657,13.0,191,156,0.8360515021459227,0.9699570815450643,-1206.75,cumulative flow proxy,FRED_PERMIT,FRED_HOUST,FRED_COMPUTSA,SAAR,12.0
2015-09-01,1144,1224,1040,95.33333333333333,102.0,86.66666666666667,8.666666666666657,15.333333333333329,104,184,0.9090909090909091,1.06993006993007,-1198.0833333333333,cumulative flow proxy,FRED_PERMIT,FRED_HOUST,FRED_COMPUTSA,SAAR,12.0
2015-10-01,1160,1058,985,96.66666666666667,88.16666666666667,82.08333333333333,14.583333333333343,6.083333333333343,175,73,0.8491379310344828,0.9120689655172414,-1183.5,cumulative flow proxy,FRED_PERMIT,FRED_HOUST,FRED_COMPUTSA,SAAR,12.0
2015-11-01,1244,1172,1000,103.66666666666667,97.66666666666667,83.33333333333333,20.333333333333343,14.333333333333343,244,172,0.8038585209003215,0.9421221864951769,-1163.1666666666667,cumulative flow proxy,FRED_PERMIT,FRED_HOUST,FRED_COMPUTSA,SAAR,12.0
2015-12-01,1211,1146,1023,100.91666666666667,95.5,85.25,15.666666666666671,10.25,188,123,0.8447563996696945,0.9463253509496284,-1147.5,cumulative flow proxy,FRED_PERMIT,FRED_HOUST,FRED_COMPUTSA,SAAR,12.0
2016-01-01,1171,1092,1056,97.58333333333333,91.0,88.0,9.583333333333329,3.0,115,36,0.9017933390264731,0.932536293766012,-1137.9166666666667,cumulative flow proxy,FRED_PERMIT,FRED_HOUST,FRED_COMPUTSA,SAAR,12.0
2016-02-01,1172,1225,1037,97.66666666666667,102.08333333333333,86.41666666666667,11.25,15.666666666666657,135,188,0.8848122866894198,1.045221843003413,-1126.6666666666667,cumulative flow proxy,FRED_PERMIT,FRED_HOUST,FRED_COMPUTSA,SAAR,12.0
2016-03-01,1118,1111,1003,93.16666666666667,92.58333333333333,83.58333333333333,9.583333333333343,9.0,115,108,0.8971377459749553,0.9937388193202147,-1117.0833333333335,cumulative flow proxy,FRED_PERMIT,FRED_HOUST,FRED_COMPUTSA,SAAR,12.0
2016-04-01,1160,1163,945,96.66666666666667,96.91666666666667,78.75,17.91666666666667,18.16666666666667,215,218,0.8146551724137931,1.0025862068965516,-1099.1666666666667,cumulative flow proxy,FRED_PERMIT,FRED_HOUST,FRED_COMPUTSA,SAAR,12.0
2016-05-01,1205,1148,1000,100.41666666666667,95.66666666666667,83.33333333333333,17.083333333333343,12.333333333333343,205,148,0.8298755186721992,0.9526970954356846,-1082.0833333333335,cumulative flow proxy,FRED_PERMIT,FRED_HOUST,FRED_COMPUTSA,SAAR,12.0
2016-06-01,1208,1203,1109,100.66666666666667,100.25,92.41666666666667,8.25,7.833333333333329,99,94,0.918046357615894,0.9958609271523179,-1073.8333333333335,cumulative flow proxy,FRED_PERMIT,FRED_HOUST,FRED_COMPUTSA,SAAR,12.0
2016-07-01,1198,1239,1072,99.83333333333333,103.25,89.33333333333333,10.5,13.916666666666671,126,167,0.8948247078464107,1.0342237061769617,-1063.3333333333335,cumulative flow proxy,FRED_PERMIT,FRED_HOUST,FRED_COMPUTSA,SAAR,12.0
2016-08-01,1201,1171,1054,100.08333333333333,97.58333333333333,87.83333333333333,12.25,9.75,147,117,0.8776019983347211,0.9750208159866778,-1051.0833333333335,cumulative flow proxy,FRED_PERMIT,FRED_HOUST,FRED_COMPUTSA,SAAR,12.0
2016-09-01,1303,1068,1035,108.58333333333333,89.0,86.25,22.33333333333333,2.75,268,33,0.7943207981580968,0.819646968534152,-1028.7500000000002,cumulative flow proxy,FRED_PERMIT,FRED_HOUST,FRED_COMPUTSA,SAAR,12.0
2016-10-01,1254,1313,1070,104.5,109.41666666666667,89.16666666666667,15.333333333333329,20.25,184,243,0.8532695374800638,1.047049441786284,-1013.4166666666669,cumulative flow proxy,FRED_PERMIT,FRED_HOUST,FRED_COMPUTSA,SAAR,12.0
2016-11-01,1230,1140,1244,102.5,95.0,103.66666666666667,-1.1666666666666714,-8.666666666666671,-14,-104,1.0113821138211383,0.926829268292683,-1014.5833333333335,cumulative flow proxy,FRED_PERMIT,FRED_HOUST,FRED_COMPUTSA,SAAR,12.0
2016-12-01,1248,1252,1101,104.0,104.33333333333333,91.75,12.25,12.583333333333329,147,151,0.8822115384615384,1.0032051282051282,-1002.3333333333335,cumulative flow proxy,FRED_PERMIT,FRED_HOUST,FRED_COMPUTSA,SAAR,12.0
2017-01-01,1303,1190,1081,108.58333333333333,99.16666666666667,90.08333333333333,18.5,9.083333333333343,222,109,0.829623944742901,0.9132770529547198,-983.8333333333335,cumulative flow proxy,FRED_PERMIT,FRED_HOUST,FRED_COMPUTSA,SAAR,12.0
2017-02-01,1234,1271,1148,102.83333333333333,105.91666666666667,95.66666666666667,7.166666666666657,10.25,86,123,0.9303079416531604,1.0299837925445705,-976.6666666666669,cumulative flow proxy,FRED_PERMIT,FRED_HOUST,FRED_COMPUTSA,SAAR,12.0
2017-03-01,1272,1190,1147,106.0,99.16666666666667,95.58333333333333,10.416666666666671,3.583333333333343,125,43,0.9017295597484277,0.9355345911949685,-966.2500000000002,cumulative flow proxy,FRED_PERMIT,FRED_HOUST,FRED_COMPUTSA,SAAR,12.0
2017-04-01,1251,1146,1069,104.25,95.5,89.08333333333333,15.166666666666671,6.416666666666671,182,77,0.8545163868904876,0.9160671462829736,-951.0833333333336,cumulative flow proxy,FRED_PERMIT,FRED_HOUST,FRED_COMPUTSA,SAAR,12.0
2017-05-01,1208,1157,1170,100.66666666666667,96.41666666666667,97.5,3.1666666666666714,-1.0833333333333286,38,-13,0.9685430463576159,0.9577814569536424,-947.916666666667,cumulative flow proxy,FRED_PERMIT,FRED_HOUST,FRED_COMPUTSA,SAAR,12.0
2017-06-01,1353,1249,1236,112.75,104.08333333333333,103.0,9.75,1.0833333333333286,117,13,0.9135254988913526,0.9231337767923133,-938.166666666667,cumulative flow proxy,FRED_PERMIT,FRED_HOUST,FRED_COMPUTSA,SAAR,12.0
2017-07-01,1256,1206,1173,104.66666666666667,100.5,97.75,6.916666666666671,2.75,83,33,0.9339171974522293,0.9601910828025477,-931.2500000000003,cumulative flow proxy,FRED_PERMIT,FRED_HOUST,FRED_COMPUTSA,SAAR,12.0
2017-08-01,1319,1159,1107,109.91666666666667,96.58333333333333,92.25,17.66666666666667,4.333333333333329,212,52,0.8392721758908264,0.8786959818043972,-913.5833333333337,cumulative flow proxy,FRED_PERMIT,FRED_HOUST,FRED_COMPUTSA,SAAR,12.0
2017-09-01,1273,1181,1113,106.08333333333333,98.41666666666667,92.75,13.333333333333329,5.666666666666671,160,68,0.8743126472898665,0.9277297721916732,-900.2500000000003,cumulative flow proxy,FRED_PERMIT,FRED_HOUST,FRED_COMPUTSA,SAAR,12.0
2017-10-01,1356,1257,1196,113.0,104.75,99.66666666666667,13.333333333333329,5.083333333333329,160,61,0.8820058997050148,0.9269911504424779,-886.916666666667,cumulative flow proxy,FRED_PERMIT,FRED_HOUST,FRED_COMPUTSA,SAAR,12.0
2017-11-01,1299,1273,1182,108.25,106.08333333333333,98.5,9.75,7.583333333333329,117,91,0.9099307159353349,0.9799846035411856,-877.166666666667,cumulative flow proxy,FRED_PERMIT,FRED_HOUST,FRED_COMPUTSA,SAAR,12.0
2017-12-01,1311,1177,1200,109.25,98.08333333333333,100.0,9.25,-1.9166666666666714,111,-23,0.9153318077803204,0.8977879481311976,-867.916666666667,cumulative flow proxy,FRED_PERMIT,FRED_HOUST,FRED_COMPUTSA,SAAR,12.0
2018-01-01,1317,1299,1208,109.75,108.25,100.66666666666667,9.083333333333329,7.583333333333329,109,91,0.9172361427486713,0.9863325740318907,-858.8333333333336,cumulative flow proxy,FRED_PERMIT,FRED_HOUST,FRED_COMPUTSA,SAAR,12.0
2018-02-01,1321,1277,1288,110.08333333333333,106.41666666666667,107.33333333333333,2.75,-0.9166666666666572,33,-11,0.9750189250567751,0.9666919000757003,-856.0833333333336,cumulative flow proxy,FRED_PERMIT,FRED_HOUST,FRED_COMPUTSA,SAAR,12.0
2018-03-01,1385,1318,1181,115.41666666666667,109.83333333333333,98.41666666666667,17.0,11.416666666666657,204,137,0.8527075812274368,0.9516245487364621,-839.0833333333336,cumulative flow proxy,FRED_PERMIT,FRED_HOUST,FRED_COMPUTSA,SAAR,12.0
2018-04-01,1378,1276,1224,114.83333333333333,106.33333333333333,102.0,12.833333333333329,4.333333333333329,154,52,0.888243831640058,0.9259796806966618,-826.2500000000002,cumulative flow proxy,FRED_PERMIT,FRED_HOUST,FRED_COMPUTSA,SAAR,12.0
2018-05-01,1338,1357,1262,111.5,113.08333333333333,105.16666666666667,6.333333333333329,7.916666666666657,76,95,0.9431988041853513,1.0142002989536623,-819.9166666666669,cumulative flow proxy,FRED_PERMIT,FRED_HOUST,FRED_COMPUTSA,SAAR,12.0
2018-06-01,1345,1192,1212,112.08333333333333,99.33333333333333,101.0,11.083333333333329,-1.6666666666666714,133,-20,0.9011152416356877,0.8862453531598513,-808.8333333333335,cumulative flow proxy,FRED_PERMIT,FRED_HOUST,FRED_COMPUTSA,SAAR,12.0
2018-07-01,1334,1208,1150,111.16666666666667,100.66666666666667,95.83333333333333,15.333333333333343,4.833333333333343,184,58,0.8620689655172413,0.9055472263868066,-793.5000000000001,cumulative flow proxy,FRED_PERMIT,FRED_HOUST,FRED_COMPUTSA,SAAR,12.0
2018-08-01,1273,1288,1262,106.08333333333333,107.33333333333333,105.16666666666667,0.9166666666666572,2.166666666666657,11,26,0.9913589945011784,1.011783189316575,-792.5833333333335,cumulative flow proxy,FRED_PERMIT,FRED_HOUST,FRED_COMPUTSA,SAAR,12.0
2018-09-01,1314,1250,1187,109.5,104.16666666666667,98.91666666666667,10.583333333333329,5.25,127,63,0.9033485540334856,0.9512937595129376,-782.0000000000001,cumulative flow proxy,FRED_PERMIT,FRED_HOUST,FRED_COMPUTSA,SAAR,12.0
2018-10-01,1272,1221,1122,106.0,101.75,93.5,12.5,8.25,150,99,0.8820754716981132,0.9599056603773585,-769.5000000000001,cumulative flow proxy,FRED_PERMIT,FRED_HOUST,FRED_COMPUTSA,SAAR,12.0
2018-11-01,1340,1181,1131,111.66666666666667,98.41666666666667,94.25,17.41666666666667,4.166666666666671,209,50,0.8440298507462687,0.8813432835820896,-752.0833333333335,cumulative flow proxy,FRED_PERMIT,FRED_HOUST,FRED_COMPUTSA,SAAR,12.0
2018-12-01,1317,1095,1053,109.75,91.25,87.75,22.0,3.5,264,42,0.7995444191343963,0.8314350797266514,-730.0833333333335,cumulative flow proxy,FRED_PERMIT,FRED_HOUST,FRED_COMPUTSA,SAAR,12.0
2019-01-01,1254,1226,1247,104.5,102.16666666666667,103.91666666666667,0.5833333333333286,-1.75,7,-21,0.9944178628389154,0.9776714513556619,-729.5000000000001,cumulative flow proxy,FRED_PERMIT,FRED_HOUST,FRED_COMPUTSA,SAAR,12.0
2019-02-01,1286,1121,1304,107.16666666666667,93.41666666666667,108.66666666666667,-1.5,-15.25,-18,-183,1.0139968895800933,0.8716951788491446,-731.0000000000001,cumulative flow proxy,FRED_PERMIT,FRED_HOUST,FRED_COMPUTSA,SAAR,12.0
2019-03-01,1295,1191,1313,107.91666666666667,99.25,109.41666666666667,-1.5,-10.166666666666671,-18,-122,1.013899613899614,0.9196911196911197,-732.5000000000001,cumulative flow proxy,FRED_PERMIT,FRED_HOUST,FRED_COMPUTSA,SAAR,12.0
2019-04-01,1322,1272,1308,110.16666666666667,106.0,109.0,1.1666666666666714,-3.0,14,-36,0.989409984871407,0.962178517397882,-731.3333333333335,cumulative flow proxy,FRED_PERMIT,FRED_HOUST,FRED_COMPUTSA,SAAR,12.0
2019-05-01,1347,1293,1221,112.25,107.75,101.75,10.5,6.0,126,72,0.9064587973273942,0.9599109131403119,-720.8333333333335,cumulative flow proxy,FRED_PERMIT,FRED_HOUST,FRED_COMPUTSA,SAAR,12.0
2019-06-01,1299,1243,1178,108.25,103.58333333333333,98.16666666666667,10.083333333333329,5.416666666666657,121,65,0.9068514241724404,0.9568899153194765,-710.7500000000001,cumulative flow proxy,FRED_PERMIT,FRED_HOUST,FRED_COMPUTSA,SAAR,12.0
2019-07-01,1379,1240,1215,114.91666666666667,103.33333333333333,101.25,13.666666666666671,2.0833333333333286,164,25,0.8810732414793329,0.8992023205221175,-697.0833333333335,cumulative flow proxy,FRED_PERMIT,FRED_HOUST,FRED_COMPUTSA,SAAR,12.0
2019-08-01,1482,1375,1313,123.5,114.58333333333333,109.41666666666667,14.083333333333329,5.166666666666657,169,62,0.8859649122807017,0.9278002699055331,-683.0000000000001,cumulative flow proxy,FRED_PERMIT,FRED_HOUST,FRED_COMPUTSA,SAAR,12.0
2019-09-01,1469,1311,1154,122.41666666666667,109.25,96.16666666666667,26.25,13.083333333333329,315,157,0.7855684138869979,0.8924438393464942,-656.7500000000001,cumulative flow proxy,FRED_PERMIT,FRED_HOUST,FRED_COMPUTSA,SAAR,12.0
2019-10-01,1523,1325,1289,126.91666666666667,110.41666666666667,107.41666666666667,19.5,3.0,234,36,0.8463558765594222,0.8699934340118188,-637.2500000000001,cumulative flow proxy,FRED_PERMIT,FRED_HOUST,FRED_COMPUTSA,SAAR,12.0
2019-11-01,1535,1353,1266,127.91666666666667,112.75,105.5,22.41666666666667,7.25,269,87,0.8247557003257329,0.8814332247557003,-614.8333333333335,cumulative flow proxy,FRED_PERMIT,FRED_HOUST,FRED_COMPUTSA,SAAR,12.0
2019-12-01,1443,1548,1308,120.25,129.0,109.0,11.25,20.0,135,240,0.9064449064449065,1.0727650727650728,-603.5833333333335,cumulative flow proxy,FRED_PERMIT,FRED_HOUST,FRED_COMPUTSA,SAAR,12.0
2020-01-01,1490,1581,1308,124.16666666666667,131.75,109.0,15.166666666666671,22.75,182,273,0.8778523489932886,1.0610738255033556,-588.4166666666669,cumulative flow proxy,FRED_PERMIT,FRED_HOUST,FRED_COMPUTSA,SAAR,12.0
2020-02-01,1461,1549,1237,121.75,129.08333333333334,103.08333333333333,18.66666666666667,26.000000000000014,224,312,0.8466803559206023,1.0602327173169062,-569.7500000000002,cumulative flow proxy,FRED_PERMIT,FRED_HOUST,FRED_COMPUTSA,SAAR,12.0
2020-03-01,1351,1266,1237,112.58333333333333,105.5,103.08333333333333,9.5,2.4166666666666714,114,29,0.9156180606957809,0.9370836417468542,-560.2500000000002,cumulative flow proxy,FRED_PERMIT,FRED_HOUST,FRED_COMPUTSA,SAAR,12.0
2020-04-01,1079,936,1181,89.91666666666667,78.0,98.41666666666667,-8.5,-20.41666666666667,-102,-245,1.0945319740500463,0.8674698795180723,-568.7500000000002,cumulative flow proxy,FRED_PERMIT,FRED_HOUST,FRED_COMPUTSA,SAAR,12.0
2020-05-01,1251,1039,1174,104.25,86.58333333333333,97.83333333333333,6.416666666666671,-11.25,77,-135,0.938449240607514,0.8305355715427658,-562.3333333333336,cumulative flow proxy,FRED_PERMIT,FRED_HOUST,FRED_COMPUTSA,SAAR,12.0
2020-06-01,1333,1266,1229,111.08333333333333,105.5,102.41666666666667,8.666666666666657,3.0833333333333286,104,37,0.921980495123781,0.9497374343585896,-553.666666666667,cumulative flow proxy,FRED_PERMIT,FRED_HOUST,FRED_COMPUTSA,SAAR,12.0
2020-07-01,1539,1526,1309,128.25,127.16666666666667,109.08333333333333,19.16666666666667,18.083333333333343,230,217,0.8505523066926576,0.9915529564652371,-534.5000000000003,cumulative flow proxy,FRED_PERMIT,FRED_HOUST,FRED_COMPUTSA,SAAR,12.0
2020-08-01,1534,1396,1263,127.83333333333333,116.33333333333333,105.25,22.58333333333333,11.083333333333329,271,133,0.8233376792698827,0.910039113428944,-511.916666666667,cumulative flow proxy,FRED_PERMIT,FRED_HOUST,FRED_COMPUTSA,SAAR,12.0
2020-09-01,1650,1473,1437,137.5,122.75,119.75,17.75,3.0,213,36,0.8709090909090909,0.8927272727272727,-494.166666666667,cumulative flow proxy,FRED_PERMIT,FRED_HOUST,FRED_COMPUTSA,SAAR,12.0
2020-10-01,1612,1543,1395,134.33333333333334,128.58333333333334,116.25,18.083333333333343,12.333333333333343,217,148,0.8653846153846154,0.957196029776675,-476.0833333333337,cumulative flow proxy,FRED_PERMIT,FRED_HOUST,FRED_COMPUTSA,SAAR,12.0
2020-11-01,1692,1543,1261,141.0,128.58333333333334,105.08333333333333,35.91666666666667,23.500000000000014,431,282,0.7452718676122931,0.9119385342789598,-440.166666666667,cumulative flow proxy,FRED_PERMIT,FRED_HOUST,FRED_COMPUTSA,SAAR,12.0
2020-12-01,1755,1614,1374,146.25,134.5,114.5,31.75,20.0,381,240,0.7829059829059829,0.9196581196581196,-408.416666666667,cumulative flow proxy,FRED_PERMIT,FRED_HOUST,FRED_COMPUTSA,SAAR,12.0
2021-01-01,1856,1624,1364,154.66666666666666,135.33333333333334,113.66666666666667,40.999999999999986,21.66666666666667,492,260,0.7349137931034483,0.875,-367.416666666667,cumulative flow proxy,FRED_PERMIT,FRED_HOUST,FRED_COMPUTSA,SAAR,12.0
2021-02-01,1703,1398,1293,141.91666666666666,116.5,107.75,34.16666666666666,8.75,410,105,0.7592483852025836,0.8209042865531415,-333.25000000000034,cumulative flow proxy,FRED_PERMIT,FRED_HOUST,FRED_COMPUTSA,SAAR,12.0
2021-03-01,1756,1688,1448,146.33333333333334,140.66666666666666,120.66666666666667,25.66666666666667,19.999999999999986,308,240,0.8246013667425968,0.9612756264236902,-307.58333333333366,cumulative flow proxy,FRED_PERMIT,FRED_HOUST,FRED_COMPUTSA,SAAR,12.0
2021-04-01,1710,1489,1398,142.5,124.08333333333333,116.5,26.0,7.583333333333329,312,91,0.8175438596491228,0.8707602339181286,-281.58333333333366,cumulative flow proxy,FRED_PERMIT,FRED_HOUST,FRED_COMPUTSA,SAAR,12.0
2021-05-01,1705,1600,1320,142.08333333333334,133.33333333333334,110.0,32.08333333333334,23.333333333333343,385,280,0.7741935483870968,0.9384164222873901,-249.5000000000003,cumulative flow proxy,FRED_PERMIT,FRED_HOUST,FRED_COMPUTSA,SAAR,12.0
2021-06-01,1662,1664,1294,138.5,138.66666666666666,107.83333333333333,30.66666666666667,30.83333333333333,368,370,0.7785800240673887,1.0012033694344165,-218.83333333333366,cumulative flow proxy,FRED_PERMIT,FRED_HOUST,FRED_COMPUTSA,SAAR,12.0
2021-07-01,1666,1600,1358,138.83333333333334,133.33333333333334,113.16666666666667,25.66666666666667,20.16666666666667,308,242,0.8151260504201681,0.9603841536614646,-193.16666666666697,cumulative flow proxy,FRED_PERMIT,FRED_HOUST,FRED_COMPUTSA,SAAR,12.0
2021-08-01,1740,1596,1329,145.0,133.0,110.75,34.25,22.25,411,267,0.7637931034482759,0.9172413793103448,-158.91666666666697,cumulative flow proxy,FRED_PERMIT,FRED_HOUST,FRED_COMPUTSA,SAAR,12.0
2021-09-01,1649,1576,1243,137.41666666666666,131.33333333333334,103.58333333333333,33.83333333333333,27.750000000000014,406,333,0.7537901758641601,0.9557307459066101,-125.08333333333364,cumulative flow proxy,FRED_PERMIT,FRED_HOUST,FRED_COMPUTSA,SAAR,12.0
2021-10-01,1699,1587,1292,141.58333333333334,132.25,107.66666666666667,33.91666666666667,24.58333333333333,407,295,0.7604473219540906,0.9340788699234844,-91.16666666666697,cumulative flow proxy,FRED_PERMIT,FRED_HOUST,FRED_COMPUTSA,SAAR,12.0
2021-11-01,1770,1707,1412,147.5,142.25,117.66666666666667,29.83333333333333,24.58333333333333,358,295,0.7977401129943503,0.964406779661017,-61.33333333333364,cumulative flow proxy,FRED_PERMIT,FRED_HOUST,FRED_COMPUTSA,SAAR,12.0
2021-12-01,1886,1711,1334,157.16666666666666,142.58333333333334,111.16666666666667,45.999999999999986,31.41666666666667,552,377,0.7073170731707317,0.9072110286320254,-15.333333333333655,cumulative flow proxy,FRED_PERMIT,FRED_HOUST,FRED_COMPUTSA,SAAR,12.0
2022-01-01,1923,1693,1271,160.25,141.08333333333334,105.91666666666667,54.33333333333333,35.16666666666667,652,422,0.6609464378575143,0.8803952158086323,38.99999999999967,cumulative flow proxy,FRED_PERMIT,FRED_HOUST,FRED_COMPUTSA,SAAR,12.0
2022-02-01,1846,1730,1336,153.83333333333334,144.16666666666666,111.33333333333333,42.500000000000014,32.83333333333333,510,394,0.723726977248104,0.9371614301191766,81.49999999999969,cumulative flow proxy,FRED_PERMIT,FRED_HOUST,FRED_COMPUTSA,SAAR,12.0
2022-03-01,1899,1700,1347,158.25,141.66666666666666,112.25,46.0,29.416666666666657,552,353,0.7093206951026856,0.8952080042127436,127.49999999999969,cumulative flow proxy,FRED_PERMIT,FRED_HOUST,FRED_COMPUTSA,SAAR,12.0
2022-04-01,1849,1807,1327,154.08333333333334,150.58333333333334,110.58333333333333,43.500000000000014,40.000000000000014,522,480,0.717685235262304,0.9772850189291509,170.99999999999972,cumulative flow proxy,FRED_PERMIT,FRED_HOUST,FRED_COMPUTSA,SAAR,12.0
2022-05-01,1711,1546,1427,142.58333333333334,128.83333333333334,118.91666666666667,23.66666666666667,9.916666666666671,284,119,0.8340151957919345,0.9035651665692578,194.6666666666664,cumulative flow proxy,FRED_PERMIT,FRED_HOUST,FRED_COMPUTSA,SAAR,12.0
2022-06-01,1726,1556,1377,143.83333333333334,129.66666666666666,114.75,29.083333333333343,14.916666666666657,349,179,0.7977983777520278,0.9015063731170336,223.74999999999974,cumulative flow proxy,FRED_PERMIT,FRED_HOUST,FRED_COMPUTSA,SAAR,12.0
2022-07-01,1707,1382,1407,142.25,115.16666666666667,117.25,25.0,-2.0833333333333286,300,-25,0.8242530755711776,0.8096074985354423,248.74999999999974,cumulative flow proxy,FRED_PERMIT,FRED_HOUST,FRED_COMPUTSA,SAAR,12.0
2022-08-01,1565,1532,1365,130.41666666666666,127.66666666666667,113.75,16.666666666666657,13.916666666666671,200,167,0.8722044728434505,0.9789137380191694,265.4166666666664,cumulative flow proxy,FRED_PERMIT,FRED_HOUST,FRED_COMPUTSA,SAAR,12.0
2022-09-01,1586,1481,1457,132.16666666666666,123.41666666666667,121.41666666666667,10.749999999999986,2.0,129,24,0.9186633039092056,0.9337957124842371,276.1666666666664,cumulative flow proxy,FRED_PERMIT,FRED_HOUST,FRED_COMPUTSA,SAAR,12.0
2022-10-01,1583,1446,1387,131.91666666666666,120.5,115.58333333333333,16.33333333333333,4.916666666666671,196,59,0.8761844598862919,0.9134554643082754,292.4999999999997,cumulative flow proxy,FRED_PERMIT,FRED_HOUST,FRED_COMPUTSA,SAAR,12.0
2022-11-01,1424,1434,1558,118.66666666666667,119.5,129.83333333333334,-11.166666666666671,-10.333333333333343,-134,-124,1.0941011235955056,1.0070224719101124,281.33333333333303,cumulative flow proxy,FRED_PERMIT,FRED_HOUST,FRED_COMPUTSA,SAAR,12.0
2022-12-01,1398,1296,1390,116.5,108.0,115.83333333333333,0.6666666666666714,-7.833333333333329,8,-94,0.994277539341917,0.927038626609442,281.9999999999997,cumulative flow proxy,FRED_PERMIT,FRED_HOUST,FRED_COMPUTSA,SAAR,12.0
2023-01-01,1418,1358,1395,118.16666666666667,113.16666666666667,116.25,1.9166666666666714,-3.0833333333333286,23,-37,0.9837799717912553,0.9576868829337094,283.9166666666664,cumulative flow proxy,FRED_PERMIT,FRED_HOUST,FRED_COMPUTSA,SAAR,12.0
2023-02-01,1605,1395,1527,133.75,116.25,127.25,6.5,-11.0,78,-132,0.9514018691588785,0.8691588785046729,290.4166666666664,cumulative flow proxy,FRED_PERMIT,FRED_HOUST,FRED_COMPUTSA,SAAR,12.0
2023-03-01,1472,1366,1513,122.66666666666667,113.83333333333333,126.08333333333333,-3.416666666666657,-12.25,-41,-147,1.0278532608695652,0.9279891304347826,286.9999999999998,cumulative flow proxy,FRED_PERMIT,FRED_HOUST,FRED_COMPUTSA,SAAR,12.0
2023-04-01,1482,1343,1390,123.5,111.91666666666667,115.83333333333333,7.666666666666671,-3.916666666666657,92,-47,0.9379217273954116,0.9062078272604588,294.66666666666646,cumulative flow proxy,FRED_PERMIT,FRED_HOUST,FRED_COMPUTSA,SAAR,12.0
2023-05-01,1579,1609,1506,131.58333333333334,134.08333333333334,125.5,6.083333333333343,8.583333333333343,73,103,0.9537682077264091,1.018999366687777,300.7499999999998,cumulative flow proxy,FRED_PERMIT,FRED_HOUST,FRED_COMPUTSA,SAAR,12.0
2023-06-01,1447,1420,1477,120.58333333333333,118.33333333333333,123.08333333333333,-2.5,-4.75,-30,-57,1.0207325501036628,0.9813407049067036,298.2499999999998,cumulative flow proxy,FRED_PERMIT,FRED_HOUST,FRED_COMPUTSA,SAAR,12.0
2023-07-01,1530,1464,1339,127.5,122.0,111.58333333333333,15.916666666666671,10.416666666666671,191,125,0.8751633986928105,0.9568627450980393,314.16666666666646,cumulative flow proxy,FRED_PERMIT,FRED_HOUST,FRED_COMPUTSA,SAAR,12.0
2023-08-01,1596,1321,1360,133.0,110.08333333333333,113.33333333333333,19.66666666666667,-3.25,236,-39,0.8521303258145363,0.8276942355889725,333.83333333333314,cumulative flow proxy,FRED_PERMIT,FRED_HOUST,FRED_COMPUTSA,SAAR,12.0
2023-09-01,1530,1369,1488,127.5,114.08333333333333,124.0,3.5,-9.916666666666671,42,-119,0.9725490196078431,0.8947712418300654,337.33333333333314,cumulative flow proxy,FRED_PERMIT,FRED_HOUST,FRED_COMPUTSA,SAAR,12.0
2023-10-01,1524,1380,1398,127.0,115.0,116.5,10.5,-1.5,126,-18,0.9173228346456693,0.905511811023622,347.83333333333314,cumulative flow proxy,FRED_PERMIT,FRED_HOUST,FRED_COMPUTSA,SAAR,12.0
2023-11-01,1513,1522,1453,126.08333333333333,126.83333333333333,121.08333333333333,5.0,5.75,60,69,0.9603436880370125,1.0059484467944482,352.83333333333314,cumulative flow proxy,FRED_PERMIT,FRED_HOUST,FRED_COMPUTSA,SAAR,12.0
2023-12-01,1501,1504,1555,125.08333333333333,125.33333333333333,129.58333333333334,-4.500000000000014,-4.250000000000014,-54,-51,1.0359760159893405,1.0019986675549633,348.33333333333314,cumulative flow proxy,FRED_PERMIT,FRED_HOUST,FRED_COMPUTSA,SAAR,12.0
2024-01-01,1548,1378,1505,129.0,114.83333333333333,125.41666666666667,3.5833333333333286,-10.583333333333343,43,-127,0.9722222222222222,0.8901808785529716,351.91666666666646,cumulative flow proxy,FRED_PERMIT,FRED_HOUST,FRED_COMPUTSA,SAAR,12.0
2024-02-01,1570,1555,1692,130.83333333333334,129.58333333333334,141.0,-10.166666666666657,-11.416666666666657,-122,-137,1.0777070063694267,0.9904458598726115,341.7499999999998,cumulative flow proxy,FRED_PERMIT,FRED_HOUST,FRED_COMPUTSA,SAAR,12.0
2024-03-01,1477,1297,1495,123.08333333333333,108.08333333333333,124.58333333333333,-1.5,-16.5,-18,-198,1.012186865267434,0.8781313473256601,340.2499999999998,cumulative flow proxy,FRED_PERMIT,FRED_HOUST,FRED_COMPUTSA,SAAR,12.0
2024-04-01,1456,1379,1655,121.33333333333333,114.91666666666667,137.91666666666666,-16.58333333333333,-22.999999999999986,-199,-276,1.1366758241758241,0.9471153846153846,323.66666666666646,cumulative flow proxy,FRED_PERMIT,FRED_HOUST,FRED_COMPUTSA,SAAR,12.0
2024-05-01,1405,1329,1548,117.08333333333333,110.75,129.0,-11.916666666666671,-18.25,-143,-219,1.101779359430605,0.9459074733096086,311.7499999999998,cumulative flow proxy,FRED_PERMIT,FRED_HOUST,FRED_COMPUTSA,SAAR,12.0
2024-06-01,1459,1318,1719,121.58333333333333,109.83333333333333,143.25,-21.66666666666667,-33.41666666666667,-260,-401,1.1782042494859493,0.9033584647018505,290.0833333333331,cumulative flow proxy,FRED_PERMIT,FRED_HOUST,FRED_COMPUTSA,SAAR,12.0
2024-07-01,1448,1269,1654,120.66666666666667,105.75,137.83333333333334,-17.16666666666667,-32.08333333333334,-206,-385,1.1422651933701657,0.8763812154696132,272.9166666666664,cumulative flow proxy,FRED_PERMIT,FRED_HOUST,FRED_COMPUTSA,SAAR,12.0
2024-08-01,1492,1394,1733,124.33333333333333,116.16666666666667,144.41666666666666,-20.08333333333333,-28.249999999999986,-241,-339,1.1615281501340482,0.9343163538873994,252.8333333333331,cumulative flow proxy,FRED_PERMIT,FRED_HOUST,FRED_COMPUTSA,SAAR,12.0
2024-09-01,1421,1357,1695,118.41666666666667,113.08333333333333,141.25,-22.83333333333333,-28.16666666666667,-274,-338,1.1928219563687543,0.9549612948627727,229.99999999999977,cumulative flow proxy,FRED_PERMIT,FRED_HOUST,FRED_COMPUTSA,SAAR,12.0
2024-10-01,1435,1370,1653,119.58333333333333,114.16666666666667,137.75,-18.16666666666667,-23.58333333333333,-218,-283,1.1519163763066202,0.9547038327526133,211.8333333333331,cumulative flow proxy,FRED_PERMIT,FRED_HOUST,FRED_COMPUTSA,SAAR,12.0
2024-11-01,1512,1300,1602,126.0,108.33333333333333,133.5,-7.5,-25.16666666666667,-90,-302,1.0595238095238095,0.8597883597883598,204.3333333333331,cumulative flow proxy,FRED_PERMIT,FRED_HOUST,FRED_COMPUTSA,SAAR,12.0
2024-12-01,1467,1494,1526,122.25,124.5,127.16666666666667,-4.916666666666671,-2.6666666666666714,-59,-32,1.040218132242672,1.01840490797546,199.4166666666664,cumulative flow proxy,FRED_PERMIT,FRED_HOUST,FRED_COMPUTSA,SAAR,12.0
2025-01-01,1463,1353,1648,121.91666666666667,112.75,137.33333333333334,-15.416666666666671,-24.583333333333343,-185,-295,1.1264524948735475,0.924812030075188,183.99999999999972,cumulative flow proxy,FRED_PERMIT,FRED_HOUST,FRED_COMPUTSA,SAAR,12.0
2025-02-01,1446,1491,1565,120.5,124.25,130.41666666666666,-9.916666666666657,-6.166666666666657,-119,-74,1.082295988934993,1.0311203319502074,174.08333333333306,cumulative flow proxy,FRED_PERMIT,FRED_HOUST,FRED_COMPUTSA,SAAR,12.0
2025-03-01,1492,1346,1584,124.33333333333333,112.16666666666667,132.0,-7.666666666666671,-19.83333333333333,-92,-238,1.061662198391421,0.9021447721179625,166.4166666666664,cumulative flow proxy,FRED_PERMIT,FRED_HOUST,FRED_COMPUTSA,SAAR,12.0
2025-04-01,1445,1400,1479,120.41666666666667,116.66666666666667,123.25,-2.8333333333333286,-6.583333333333329,-34,-79,1.0235294117647058,0.9688581314878892,163.5833333333331,cumulative flow proxy,FRED_PERMIT,FRED_HOUST,FRED_COMPUTSA,SAAR,12.0
2025-05-01,1416,1289,1530,118.0,107.41666666666667,127.5,-9.5,-20.08333333333333,-114,-241,1.0805084745762712,0.9103107344632768,154.0833333333331,cumulative flow proxy,FRED_PERMIT,FRED_HOUST,FRED_COMPUTSA,SAAR,12.0
2025-06-01,1399,1379,1372,116.58333333333333,114.91666666666667,114.33333333333333,2.25,0.5833333333333428,27,7,0.9807005003573981,0.9857040743388135,156.3333333333331,cumulative flow proxy,FRED_PERMIT,FRED_HOUST,FRED_COMPUTSA,SAAR,12.0
2025-07-01,1400,1432,1456,116.66666666666667,119.33333333333333,121.33333333333333,-4.666666666666657,-2.0,-56,-24,1.04,1.022857142857143,151.66666666666643,cumulative flow proxy,FRED_PERMIT,FRED_HOUST,FRED_COMPUTSA,SAAR,12.0
2025-08-01,1347,1291,1548,112.25,107.58333333333333,129.0,-16.75,-21.41666666666667,-201,-257,1.1492204899777283,0.9584261321455085,134.91666666666643,cumulative flow proxy,FRED_PERMIT,FRED_HOUST,FRED_COMPUTSA,SAAR,12.0
2025-09-01,1444,1319,1386,120.33333333333333,109.91666666666667,115.5,4.833333333333329,-5.583333333333329,58,-67,0.9598337950138505,0.9134349030470914,139.74999999999977,cumulative flow proxy,FRED_PERMIT,FRED_HOUST,FRED_COMPUTSA,SAAR,12.0
2025-10-01,1418,1273,1419,118.16666666666667,106.08333333333333,118.25,-0.0833333333333286,-12.166666666666671,-1,-146,1.0007052186177716,0.8977433004231312,139.66666666666646,cumulative flow proxy,FRED_PERMIT,FRED_HOUST,FRED_COMPUTSA,SAAR,12.0
2025-11-01,1414,1319,1443,117.83333333333333,109.91666666666667,120.25,-2.4166666666666714,-10.333333333333329,-29,-124,1.0205091937765205,0.9328147100424328,137.24999999999977,cumulative flow proxy,FRED_PERMIT,FRED_HOUST,FRED_COMPUTSA,SAAR,12.0
2025-12-01,1482,1378,1463,123.5,114.83333333333333,121.91666666666667,1.5833333333333286,-7.083333333333343,19,-85,0.9871794871794872,0.9298245614035088,138.8333333333331,cumulative flow proxy,FRED_PERMIT,FRED_HOUST,FRED_COMPUTSA,SAAR,12.0
2026-01-01,1393,1385,1439,116.08333333333333,115.41666666666667,119.91666666666667,-3.833333333333343,-4.5,-46,-54,1.0330222541277818,0.994256999282125,134.99999999999974,cumulative flow proxy,FRED_PERMIT,FRED_HOUST,FRED_COMPUTSA,SAAR,12.0
2026-02-01,1540,1346,1324,128.33333333333334,112.16666666666667,110.33333333333333,18.000000000000014,1.8333333333333428,216,22,0.8597402597402597,0.874025974025974,152.99999999999977,cumulative flow proxy,FRED_PERMIT,FRED_HOUST,FRED_COMPUTSA,SAAR,12.0
2026-03-01,1363,1522,1373,113.58333333333333,126.83333333333333,114.41666666666667,-0.8333333333333428,12.416666666666657,-10,149,1.0073367571533383,1.1166544387380777,152.16666666666643,cumulative flow proxy,FRED_PERMIT,FRED_HOUST,FRED_COMPUTSA,SAAR,12.0
2026-04-01,1423,1414,1454,118.58333333333333,117.83333333333333,121.16666666666667,-2.583333333333343,-3.333333333333343,-31,-40,1.0217849613492622,0.9936753338018272,149.5833333333331,cumulative flow proxy,FRED_PERMIT,FRED_HOUST,FRED_COMPUTSA,SAAR,12.0
2026-05-01,1410,1182,1328,117.5,98.5,110.66666666666667,6.833333333333329,-12.166666666666671,82,-146,0.9418439716312057,0.8382978723404255,156.4166666666664,cumulative flow proxy,FRED_PERMIT,FRED_HOUST,FRED_COMPUTSA,SAAR,12.0
2026-06-01,1374,1439,1345,114.5,119.91666666666667,112.08333333333333,2.4166666666666714,7.833333333333343,29,94,0.9788937409024745,1.047307132459971,158.8333333333331,cumulative flow proxy,FRED_PERMIT,FRED_HOUST,FRED_COMPUTSA,SAAR,12.0
2026-07-01,1433,1309,1280,119.41666666666667,109.08333333333333,106.66666666666667,12.75,2.416666666666657,153,29,0.8932309839497558,0.9134682484298674,171.5833333333331,cumulative flow proxy,FRED_PERMIT,FRED_HOUST,FRED_COMPUTSA,SAAR,12.0
2026-08-01,1394,1275,1128,116.16666666666667,106.25,94.0,22.16666666666667,12.25,266,147,0.8091822094691535,0.9146341463414634,193.74999999999977,cumulative flow proxy,FRED_PERMIT,FRED_HOUST,FRED_COMPUTSA,SAAR,12.0
